"27.0","158465.0"
"27.0","158465.0"
"14.48","148478.0"
"14.48","148478.0"
"26.4","6956.0"
"0.2","60604.0"
"0.2","61034.0"
"4.0","79822.0"
"18.0","151487.0"
"0.122","143542.0"
"0.122","145413.0"
"0.122","145394.0"
"0.122","145595.0"
"0.122","145679.0"
"18.0","151349.0"
"0.122","145677.0"
"0.122","145795.0"
"0.122","145769.0"
"0.122","145751.0"
"0.122","146182.0"
"0.122","146134.0"
"0.122","146447.0"
"0.122","147451.0"
"0.122","147589.0"
"0.122","147717.0"
"0.122","147691.0"
"0.2630734","53969.0"
"0.2628103","53830.0"
"0.2630734","53830.0"
"0.2643927","53731.0"
"0.2638642","53830.0"
"0.2651875","53700.0"
"0.2620227","53830.0"
"0.122","147612.0"
"0.122","147663.0"
"0.122","147911.0"
"18.0","150877.0"
"0.122","147869.0"
"0.122","147853.0"
"0.122","147817.0"
"18.0","150776.0"
"0.122","147742.0"
"0.2633367","53729.0"
"0.122","148424.0"
"0.122","149982.0"
"6.6","47.0"
"5.0","49.0"
"4.0","357.0"
"10.0","15.0"
"10.2","15.0"
"5.0","48.0"
"4.1999998","357.0"
"5.0","48.0"
"4.1999998","349.0"
"5.0","48.0"
"6.0","19.0"
"5.0","47.0"
"3.21","366.0"
"8.8270002","14.0"
"30.0","0.0"
"9.0","14.0"
"5.0","47.0"
"45.7460317","0.0"
"6.0","18.0"
"5.0","47.0"
"30.0","0.0"
"8.0","13.0"
"51.0","-1.0"
"5.0","46.0"
"10.0","13.0"
"6.0","17.0"
"5.0","46.0"
"6.0","17.0"
"1.0","409.0"
"20.0","-2.0"
"2.0","396.0"
"35.0","-2.0"
"5.0","45.0"
"18.0","12.0"
"4.0","354.0"
"6.0","16.0"
"30.0","-2.0"
"5.0","45.0"
"16.4598938","11.0"
"50.0","-3.0"
"18.0","11.0"
"50.0","-3.0"
"35.0","97408.0"
"20.0","11.0"
"21.0","-3.0"
"20.0","11.0"
"6.0","15.0"
"5.0","44.0"
"21.0","-4.0"
"10.53","10.0"
"5.0","43.0"
"3.0","362.0"
"18.0","150664.0"
"10.0","10.0"
"6.0","14.0"
"5.0","43.0"
"5.0","43.0"
"5.0","43.0"
"5.0","43.0"
"6.0","13.0"
"5.0","42.0"
"21.0","-5.0"
"3.21","361.0"
"10.0","9.0"
"5.0","42.0"
"6.6","12.0"
"6.0","12.0"
"20.0","-6.0"
"21.0","-6.0"
"5.0","41.0"
"10.0","8.0"
"5.0","41.0"
"30.0","-6.0"
"5.0","41.0"
"6.9000003","7.0"
"5.0","40.0"
"5.0","40.0"
"5.0","40.0"
"21.0","-7.0"
"5.0","40.0"
"15.0","7.0"
"10.0","7.0"
"5.0","39.0"
"21.0","-8.0"
"6.0","10.0"
"5.0","39.0"
"20.0","6.0"
"10.0","6.0"
"14.0","6.0"
"20.0","-8.0"
"4.2","320.0"
"5.0","38.0"
"4.2","339.0"
"56.0","-9.0"
"6.0","9.0"
"5.0","38.0"
"4.2","339.0"
"4.2","320.0"
"0.4","406.0"
"4.2","320.0"
"4.2","320.0"
"4.2","320.0"
"5.0","38.0"
"21.0","-9.0"
"56.0","4.0"
"5.0","37.0"
"6.0","37.0"
"20.0","4.0"
"4.18","346.0"
"4.5","299.0"
"10.0","4.0"
"20.0","4.0"
"5.0","37.0"
"5.0","36.0"
"6.0","7.0"
"22.8568163","3.0"
"5.0","36.0"
"5.0","36.0"
"10.0","3.0"
"6.0","7.0"
"2.0","399.0"
"20.0","2.0"
"5.0","35.0"
"6.0","6.0"
"0.122","150761.0"
"3.21","354.0"
"5.0","35.0"
"20.0","1.0"
"50.0","1.0"
"20.0","1.0"
"15.0","1.0"
"50.0","1.0"
"50.0","1.0"
"5.0","34.0"
"5.0","34.0"
"50.0","1.0"
"50.0","1.0"
"12.0","1.0"
"5.0","34.0"
"50.0","1.0"
"6.0","4.0"
"25.0","4.0"
"6.1","4.0"
"20.0","4.0"
"20.0","4.0"
"5.0","33.0"
"56.0","30.0"
"7.0","3.0"
"30.0","3.0"
"15.0","3.0"
"20.0","3.0"
"5.0","32.0"
"6.0","3.0"
"56.0","30.0"
"50.0","2.0"
"10.0","2.0"
"6.0","2.0"
"6.0","2.0"
"4.0","340.0"
"6.0","2.0"
"5.0","31.0"
"7.5","2.0"
"30.0","2.0"
"6.0","2.0"
"5.0","30.0"
"3.21","349.0"
"10.0","1.0"
"6.0","1.0"
"10.0","28.0"
"9.05307","1.0"
"23.0","1.0"
"30.0","1.0"
"30.0","1.0"
"10.0","27.0"
"8.0","0.0"
"1.11","392.0"
"13.3333333","27.0"
"12.126122","0.0"
"10.0","27.0"
"30.0","27.0"
"7.0","27.0"
"7.0","27.0"
"51.9","0.0"
"5.0","29.0"
"6.0","29.0"
"10.0","27.0"
"20.0","26.0"
"30.0","26.0"
"6.0","28.0"
"20.0","26.0"
"6.0","28.0"
"5.0","28.0"
"30.0","26.0"
"5.0","290.0"
"8.0","25.0"
"30.0","25.0"
"41.0","25.0"
"8.0","25.0"
"8.0","25.0"
"5.0","27.0"
"7.5","25.0"
"21.0","25.0"
"30.0","25.0"
"6.0","27.0"
"4.2","328.0"
"30.0","24.0"
"29.59375","24.0"
"6.0","26.0"
"30.0","24.0"
"6.0","26.0"
"10.0","24.0"
"21.0","24.0"
"8.8888889","26.0"
"7.0","24.0"
"40.0","24.0"
"21.0","23.0"
"6.0","25.0"
"13.3333333","23.0"
"20.0","23.0"
"10.0","23.0"
"35.0","22.0"
"5.0","24.0"
"10.0","22.0"
"17.2486636","22.0"
"3.21","343.0"
"6.0","24.0"
"13.3333333","22.0"
"3.0","36580.0"
"50.0","22.0"
"5.0","24.0"
"6.3","21.0"
"8.75","21.0"
"10.0","21.0"
"21.0","21.0"
"8.75","21.0"
"6.0","23.0"
"20.0","21.0"
"6.0","21.0"
"8.75","21.0"
"56.0","20.0"
"6.25","22.0"
"51.9","20.0"
"21.0","20.0"
"6.0","22.0"
"10.0","20.0"
"10.0","20.0"
"6.0","22.0"
"8.0","20.0"
"4.2","303.0"
"6.0","21.0"
"51.0","19.0"
"4.1","330.0"
"5.0","21.0"
"4.2","303.0"
"4.2","322.0"
"9.5","19.0"
"6.0","21.0"
"5.0","269.0"
"5.1","21.0"
"21.0","19.0"
"10.0","19.0"
"4.2","302.0"
"4.2","302.0"
"6.0","20.0"
"4.2","54.0"
"21.0","18.0"
"10.0","18.0"
"20.0","111.0"
"5.0","20.0"
"12.0","17.0"
"6.0","19.0"
"5.1997369","19.0"
"6.0","17.0"
"56.0","17.0"
"56.0","17.0"
"3.0","338.0"
"20.0","16.0"
"3.21","337.0"
"20.0","16.0"
"56.0","16.0"
"10.0","16.0"
"6.0","18.0"
"10.0","16.0"
"5.0","18.0"
"20.0","16.0"
"8.0","16.0"
"6.0","17.0"
"10.0","15.0"
"8.0","15.0"
"5.0","326.0"
"5.0","17.0"
"6.0","16.0"
"5.0","16.0"
"6.0","14.0"
"30.0","14.0"
"6.0","16.0"
"51.677655","14.0"
"9.0","14.0"
"6.0","15.0"
"6.9000003","13.0"
"6.0","15.0"
"10.0","13.0"
"5.0","15.0"
"50.0","12.0"
"35.0","12.0"
"6.0","14.0"
"120.0","12.0"
"6.0","12.0"
"7.5","12.0"
"120.0","12.0"
"6.0","14.0"
"6.0","14.0"
"35.0","12.0"
"6.0","14.0"
"6.0","14.0"
"5.0","48.0"
"6.0","13.0"
"6.0","13.0"
"20.0","11.0"
"6.0","13.0"
"10.0","11.0"
"6.0","12.0"
"6.0","10.0"
"50.0","10.0"
"6.0","12.0"
"10.8","10.0"
"5.0","12.0"
"13.3333333","10.0"
"4.0","321.0"
"6.0","12.0"
"5.0","11.0"
"10.0","9.0"
"10.0","9.0"
"6.0","11.0"
"20.0","9.0"
"3.0","330.0"
"6.0","10.0"
"6.0","10.0"
"5.0","10.0"
"21.0","8.0"
"4.5","44.0"
"0.122","150859.0"
"3.21","329.0"
"56.0","8.0"
"6.0","10.0"
"6.0","10.0"
"20.0","7.0"
"20.0","7.0"
"20.0","7.0"
"20.0","7.0"
"21.0","7.0"
"25.0","7.0"
"20.0","7.0"
"6.0","9.0"
"20.0","7.0"
"20.0","7.0"
"20.0","7.0"
"6.6","7.0"
"20.0","7.0"
"56.0","7.0"
"5.3","9.0"
"6.0","9.0"
"20.0","6.0"
"20.0","6.0"
"20.0","6.0"
"21.0","6.0"
"6.0","6.0"
"5.0","8.0"
"20.0","6.0"
"3.1","327.0"
"20.0","6.0"
"111.1111111","6.0"
"10.0","6.0"
"15.0","5.0"
"56.0","5.0"
"20.0","5.0"
"20.0","5.0"
"97.0","5.0"
"6.0","5.0"
"21.0","5.0"
"6.0","5.0"
"10.0","4.0"
"50.0","4.0"
"5.0","6.0"
"10.0","4.0"
"26.0","4.0"
"15.0","4.0"
"21.0","4.0"
"20.0","3.0"
"5.0","5.0"
"30.0","3.0"
"8.0","3.0"
"45.0","3.0"
"5.0","5.0"
"5.0","5.0"
"21.0","3.0"
"3.21","324.0"
"5.0","5.0"
"5.0","253.0"
"45.7460317","3.0"
"6.0","5.0"
"5.0","5.0"
"5.0","5.0"
"10.0","2.0"
"56.0","2.0"
"15.0","2.0"
"15.0","2.0"
"5.0","4.0"
"6.0","4.0"
"56.0","2.0"
"35.0","2.0"
"10.0","2.0"
"6.9000003","2.0"
"4.2","286.0"
"4.2","305.0"
"4.2","305.0"
"6.0","4.0"
"4.2","286.0"
"6.0","3.0"
"5.0","3.0"
"4.2","304.0"
"56.0","1.0"
"56.0","1.0"
"6.0","3.0"
"5.0","3.0"
"3.0","322.0"
"40.0","1.0"
"40.0","30.0"
"6.9","2.0"
"1.0","365.0"
"20.0","30.0"
"5.0","2.0"
"6.0","2.0"
"10.0","2.0"
"10.0","30.0"
"20.0","2.0"
"5.0","1.0"
"30.0","1.0"
"6.0","356.0"
"20.0","1.0"
"6.6","1.0"
"6.0","356.0"
"6.0","1.0"
"6.0","356.0"
"6.0","1.0"
"3.15","346.0"
"6.0","356.0"
"6.0","1.0"
"7.0","28.0"
"6.0","355.0"
"16.0","0.0"
"30.0","0.0"
"10.0","28.0"
"40.0","28.0"
"10.0","28.0"
"6.0","351.0"
"26.0","28.0"
"10.0","0.0"
"6.0","351.0"
"5.0","248.0"
"3.21","318.0"
"5.0","27.0"
"40.0","27.0"
"5.0","27.0"
"56.0","-2.0"
"9.0","26.0"
"18.0","26.0"
"40.0","26.0"
"6.0","26.0"
"6.0","353.0"
"6.0","26.0"
"40.0","26.0"
"7.1","25.0"
"30.0","25.0"
"6.0","25.0"
"5.0","31.0"
"41.0","24.0"
"3.0","315.0"
"10.0","24.0"
"56.0","-4.0"
"13.0","24.0"
"10.0","24.0"
"6.0","24.0"
"6.6","24.0"
"50.0","24.0"
"6.0","24.0"
"6.0006","23.0"
"51.0","23.0"
"0.3","363.0"
"10.0","-5.0"
"6.0","23.0"
"6.0","23.0"
"56.0","-5.0"
"10.0","22.0"
"7.543864","22.0"
"6.6","22.0"
"7.543864","22.0"
"8.8888889","99.0"
"5.0","22.0"
"6.0","22.0"
"10.0","22.0"
"5.0","22.0"
"10.0","21.0"
"21.0","21.0"
"12.0","21.0"
"6.0","21.0"
"6.6","21.0"
"50.0","21.0"
"41.0","20.0"
"6.0","20.0"
"6.0","20.0"
"1.9375","355.0"
"56.0","26.0"
"20.0","20.0"
"21.0","20.0"
"9.6","20.0"
"1.0","355.0"
"3.21","311.0"
"6.0","20.0"
"5.0","19.0"
"10.0","19.0"
"41.0","19.0"
"30.0","19.0"
"5.0","250.0"
"24.0","19.0"
"6.0","19.0"
"21.0","19.0"
"10.79","19.0"
"6.0","19.0"
"6.0","19.0"
"6.0","18.0"
"6.0","18.0"
"15.0","18.0"
"21.0","18.0"
"9.0","18.0"
"11.0","18.0"
"22.0","17.0"
"30.0","17.0"
"6.0","17.0"
"6.0","17.0"
"6.0","17.0"
"6.0","17.0"
"10.0","17.0"
"21.0","17.0"
"6.0","16.0"
"6.0","16.0"
"13.3333333","16.0"
"7.0","16.0"
"1.0","351.0"
"6.0","16.0"
"18.0","16.0"
"1.0","351.0"
"6.0","16.0"
"6.0","16.0"
"21.0","16.0"
"0.122","151536.0"
"6.0","15.0"
"15.0","15.0"
"6.0","15.0"
"8.0","15.0"
"6.6","15.0"
"6.0","15.0"
"4.2","268.0"
"24.0","14.0"
"24.0","14.0"
"20.0","14.0"
"6.0","14.0"
"6.0","14.0"
"4.2","268.0"
"6.0","14.0"
"4.2","268.0"
"4.2","287.0"
"5.1","14.0"
"5.1","14.0"
"10.2","14.0"
"4.1","295.0"
"4.2","287.0"
"4.2","287.0"
"2.0","337.0"
"4.2","245.0"
"10.0","14.0"
"10.0","13.0"
"10.2","13.0"
"60.0","13.0"
"7.8","13.0"
"15.0","13.0"
"8.0","13.0"
"10.0","12.0"
"6.0","12.0"
"10.0","12.0"
"56.0","18.0"
"6.9000003","12.0"
"41.0","12.0"
"6.0","12.0"
"15.0","11.0"
"6.6","11.0"
"6.9000003","11.0"
"8.75","11.0"
"8.0","11.0"
"6.0","11.0"
"6.0","11.0"
"56.0","16.0"
"6.0","10.0"
"6.0","10.0"
"8.0","10.0"
"5.0","10.0"
"10.0","10.0"
"30.0","9.0"
"6.0","9.0"
"6.0","9.0"
"24.0","9.0"
"6.0","9.0"
"6.0","9.0"
"10.0","9.0"
"6.0","9.0"
"7.0","8.0"
"1.0","343.0"
"6.0","8.0"
"6.0","8.0"
"10.0","7.0"
"10.0","7.0"
"7.2372741","7.0"
"8.0","7.0"
"6.0","288.0"
"21.0","7.0"
"7.0","7.0"
"6.0","12.0"
"20.0","6.0"
"7.8","6.0"
"4.0","296.0"
"50.0","5.0"
"6.0","5.0"
"11.0","5.0"
"10.0","5.0"
"21.0","4.0"
"6.6","4.0"
"41.0","4.0"
"16.0","4.0"
"3.0","295.0"
"6.0","10.0"
"4.75","10.0"
"24.0","4.0"
"5.0","10.0"
"6.0","4.0"
"6.0","4.0"
"6.0","4.0"
"6.0","3.0"
"21.0","3.0"
"6.0","284.0"
"6.0","122.0"
"6.0","3.0"
"7.8","3.0"
"7.8","3.0"
"60.0","3.0"
"6.0","2.0"
"6.0","8.0"
"10.0","2.0"
"56.0","8.0"
"100.0","2.0"
"6.0","2.0"
"4.0","282.0"
"6.0","1.0"
"10.0","1.0"
"5.3","1.0"
"30.0","1.0"
"21.0","1.0"
"7.0","1.0"
"56.0","7.0"
"6.0","1.0"
"15.0","0.0"
"20.0","0.0"
"21.0","0.0"
"10.0","0.0"
"7.8","0.0"
"20.0","6.0"
"3.21","290.0"
"21.0","5.0"
"20.0","5.0"
"6.0","5.0"
"6.0","5.0"
"3.0","290.0"
"3.21","290.0"
"3.21","290.0"
"30.0","4.0"
"6.0","4.0"
"9.0","4.0"
"24.0","4.0"
"5.0","4.0"
"6.0","4.0"
"6.0","4.0"
"4.2","271.0"
"10.0","4.0"
"4.2","271.0"
"4.2","252.0"
"51.0","4.0"
"10.0","4.0"
"6.0","4.0"
"4.1","279.0"
"24.0","4.0"
"4.2","271.0"
"6.0","4.0"
"5.1","4.0"
"30.0","4.0"
"6.0","4.0"
"30.0","4.0"
"6.6","4.0"
"5.0","3.0"
"7.0","3.0"
"4.0","278.0"
"7.8","3.0"
"6.0","3.0"
"10.0","3.0"
"6.0","3.0"
"6.0","3.0"
"21.0","3.0"
"6.0","3.0"
"4.0","277.0"
"10.0","2.0"
"10.0","2.0"
"7.0","2.0"
"10.0","2.0"
"7.0","2.0"
"10.0","2.0"
"6.0","2.0"
"6.9000003","2.0"
"6.0","1.0"
"7.0","1.0"
"9.0","1.0"
"6.0","1.0"
"10.12","1.0"
"6.0","1.0"
"3.21","286.0"
"10.0","1.0"
"1.0","330.0"
"6.0","1.0"
"6.0","1.0"
"6.0","0.0"
"9.0","0.0"
"6.0","0.0"
"10.0","0.0"
"8.0","0.0"
"9.0","0.0"
"6.0","0.0"
"30.0","0.0"
"40.0","0.0"
"3.6","275.0"
"4.0","275.0"
"4.0","274.0"
"20.0","3.0"
"0.122","151514.0"
"6.0","70.0"
"10.0","56.0"
"8.0","56.0"
"7.0","55.0"
"13.3333333","46.0"
"21.0","2.0"
"20.0","46.0"
"5.0","196.0"
"6.3","55.0"
"8.0","55.0"
"8.8888889","68.0"
"20.0","45.0"
"7.0","54.0"
"23.0","1.0"
"10.0","54.0"
"8.0","54.0"
"35.0","1.0"
"8.0","54.0"
"10.0","54.0"
"6.0","67.0"
"7.0","53.0"
"40.0","0.0"
"6.0","67.0"
"7.0","53.0"
"10.0","53.0"
"10.0","53.0"
"6.0","67.0"
"3.21","281.0"
"6.0","107.0"
"20.0","44.0"
"6.0","67.0"
"20.0","44.0"
"6.0","53.0"
"56.0","-1.0"
"6.0","66.0"
"12.0","43.0"
"6.0","52.0"
"5.4","193.0"
"19.9","43.0"
"5.0","220.0"
"7.8","52.0"
"10.0","52.0"
"6.0","66.0"
"6.6","52.0"
"5.0","220.0"
"56.0","-2.0"
"20.0","42.0"
"20.0","-2.0"
"8.0","51.0"
"5.0","219.0"
"56.0","-2.0"
"4.0","269.0"
"20.0","42.0"
"50.0","-3.0"
"6.6","50.0"
"5.0","207.0"
"10.0","50.0"
"6.0","64.0"
"21.0","-3.0"
"10.0","50.0"
"6.0","63.0"
"8.0","49.0"
"10.0","49.0"
"5.0","206.0"
"5.0","190.0"
"21.0","-4.0"
"6.0","177.0"
"6.0","62.0"
"6.593841","48.0"
"21.0","-5.0"
"15.0","39.0"
"5.0","189.0"
"6.0","104.0"
"6.0","102.0"
"45.7460317","-6.0"
"6.0","103.0"
"6.0","101.0"
"5.9","188.0"
"21.0","-6.0"
"7.0","47.0"
"10.0","47.0"
"6.0","101.0"
"6.0","60.0"
"10.0","46.0"
"21.0","-7.0"
"2.0","306.0"
"6.0","60.0"
"9.9","46.0"
"10.0","46.0"
"3.21","274.0"
"10.0","46.0"
"6.0","60.0"
"20.0","36.0"
"6.0006","45.0"
"10.2","45.0"
"21.0","-8.0"
"6.0","59.0"
"13.3333333","36.0"
"20.0","36.0"
"5.0","186.0"
"6.0","99.0"
"4.0","262.0"
"6.0","58.0"
"6.0","58.0"
"4.2","235.0"
"7.5","44.0"
"4.2","235.0"
"4.2","235.0"
"35.0","-9.0"
"4.2","235.0"
"10.0","44.0"
"5.1","185.0"
"10.0","44.0"
"4.1999998","262.0"
"4.2","254.0"
"4.2","254.0"
"3.8125","261.0"
"5.0","200.0"
"5.0","199.0"
"10.0","42.0"
"20.0","33.0"
"20.0","33.0"
"5.0","199.0"
"18.0","33.0"
"19.9","33.0"
"20.0","33.0"
"6.6","42.0"
"10.0","41.0"
"4.50045","212.0"
"5.0","209.0"
"8.0","41.0"
"9.0","41.0"
"10.0","40.0"
"30.0","-13.0"
"6.9000003","40.0"
"18.0","150570.0"
"15.0","31.0"
"40.0","-13.0"
"30.0","-13.0"
"30.0","-13.0"
"5.0","208.0"
"6.0006","54.0"
"15.0","31.0"
"15.8859184","31.0"
"20.0","31.0"
"30.0","31.0"
"30.0","-14.0"
"10.0","39.0"
"20.0","30.0"
"20.0","30.0"
"30.0","30.0"
"50.0","-14.0"
"56.0","-15.0"
"15.0","29.0"
"30.0","29.0"
"30.0","-15.0"
"5.0","206.0"
"2.0","310.0"
"30.0","-15.0"
"30.0","29.0"
"30.0","29.0"
"30.0","-15.0"
"1.9375","310.0"
"15.0","29.0"
"40.0","-15.0"
"30.0","29.0"
"30.0","29.0"
"5.0","206.0"
"8.0","37.0"
"4.2","247.0"
"4.9","208.0"
"30.0","28.0"
"10.0","37.0"
"5.0","178.0"
"6.0","91.0"
"40.0","-16.0"
"56.0","-16.0"
"5.0","193.0"
"6.0","50.0"
"6.83","36.0"
"2.0","308.0"
"50.0","-17.0"
"30.0","27.0"
"6.0","35.0"
"10.0","35.0"
"15.0","26.0"
"8.0","35.0"
"51.0","-18.0"
"10.0","35.0"
"30.0","-18.0"
"4.0","263.0"
"20.0","26.0"
"5.0","192.0"
"30.0","-19.0"
"5.0","191.0"
"1.0","311.0"
"20.0","25.0"
"1.0","311.0"
"20.0","-19.0"
"5.0","191.0"
"45.7460317","-19.0"
"5.0","205.0"
"40.0","-20.0"
"10.0","33.0"
"7.0","33.0"
"10.0","33.0"
"5.0","190.0"
"20.0","-20.0"
"35.0","-20.0"
"10.0","33.0"
"16.0","24.0"
"21.0","-20.0"
"30.0","-20.0"
"7.0","32.0"
"4.3","203.0"
"6.0","250.0"
"6.6","32.0"
"21.0","-21.0"
"134.0","-21.0"
"66.0","-21.0"
"21.0","-21.0"
"5.5","173.0"
"20.0","22.0"
"7.0","31.0"
"60.0","-22.0"
"40.0","-22.0"
"21.0","-22.0"
"5.0","199.0"
"6.0","45.0"
"10.0","30.0"
"58.65625","-23.0"
"6.0","84.0"
"20.0","21.0"
"20.0","21.0"
"13.3333333","30.0"
"8.0","30.0"
"10.0","30.0"
"21.0","-23.0"
"40.0","-23.0"
"5.0","197.0"
"19.9","20.0"
"20.0","20.0"
"21.0","-24.0"
"6.0","42.0"
"40.0","-25.0"
"10.0","19.0"
"1.0","305.0"
"5.0","196.0"
"6.0","42.0"
"16.0","19.0"
"5.0","185.0"
"4.9","199.0"
"21.0","-25.0"
"20.0","19.0"
"21.0","18.0"
"4.2","237.0"
"4.1","245.0"
"4.2","237.0"
"4.2","237.0"
"6.0","41.0"
"9.0","27.0"
"6.0","41.0"
"4.1","245.0"
"6.0","41.0"
"4.2","237.0"
"6.0","81.0"
"4.2","217.0"
"40.0","-27.0"
"4.2","217.0"
"40.0","-27.0"
"10.0","26.0"
"50.0","-27.0"
"6.6","26.0"
"50.0","-28.0"
"6.6","25.0"
"50.0","-28.0"
"5.0","196.0"
"5.0","182.0"
"9.0","25.0"
"5.0","182.0"
"40.0","-29.0"
"20.0","15.0"
"6.0","38.0"
"56.0","-29.0"
"6.0","78.0"
"20.0","15.0"
"6.0","38.0"
"6.0","78.0"
"20.0","-29.0"
"1.0","296.0"
"6.0","24.0"
"20.0","15.0"
"10.0","24.0"
"6.0","38.0"
"6.0","37.0"
"6.0","37.0"
"6.0","23.0"
"6.0","37.0"
"6.0","77.0"
"6.0","37.0"
"6.0","37.0"
"6.0","77.0"
"6.0","37.0"
"6.0","77.0"
"56.0","-30.0"
"6.0","37.0"
"6.0","37.0"
"6.0","77.0"
"6.0","37.0"
"6.0","37.0"
"6.0","37.0"
"6.0","37.0"
"6.0","37.0"
"6.0","37.0"
"6.0","37.0"
"6.0","77.0"
"6.0","37.0"
"8.0","23.0"
"5.0","191.0"
"6.0","37.0"
"6.0","37.0"
"6.0","37.0"
"6.0","37.0"
"6.0","37.0"
"6.0","37.0"
"6.0","37.0"
"6.0","37.0"
"6.0","37.0"
"6.0","77.0"
"6.0","79.0"
"7.0","23.0"
"6.0","77.0"
"6.0","79.0"
"6.0","37.0"
"6.0","77.0"
"6.0","37.0"
"40.0","-30.0"
"6.0","37.0"
"6.0","79.0"
"6.0","37.0"
"6.0","37.0"
"6.0","79.0"
"50.0","-30.0"
"50.0","-30.0"
"6.0","77.0"
"6.0","79.0"
"6.0","79.0"
"6.0","77.0"
"6.0","37.0"
"6.0","37.0"
"6.0","37.0"
"6.0","37.0"
"6.0","37.0"
"6.0","77.0"
"6.0","37.0"
"6.0","37.0"
"6.0","37.0"
"6.0","37.0"
"50.0","-30.0"
"6.0","77.0"
"6.0","77.0"
"6.0","37.0"
"6.0","79.0"
"6.0","37.0"
"40.0","-30.0"
"6.0","37.0"
"6.0","77.0"
"6.0","37.0"
"6.0","37.0"
"6.0","77.0"
"6.0","77.0"
"6.0","37.0"
"6.0","77.0"
"6.0","79.0"
"6.0","37.0"
"6.0","37.0"
"6.0","79.0"
"6.0","37.0"
"6.0","37.0"
"6.0","79.0"
"6.0","37.0"
"6.0","77.0"
"10.1","22.0"
"6.0","36.0"
"40.0","-31.0"
"6.0","36.0"
"5.0","179.0"
"10.0","22.0"
"6.0","36.0"
"35.0","-31.0"
"20.0","-31.0"
"40.0","-31.0"
"4.0","240.0"
"8.0","21.0"
"40.0","-32.0"
"40.0","-32.0"
"6.6","21.0"
"40.0","-32.0"
"5.0","178.0"
"40.0","-32.0"
"40.0","-32.0"
"6.0","77.0"
"41.0","-32.0"
"40.0","-32.0"
"5.0","188.0"
"7.0","34.0"
"18.0","11.0"
"21.0","11.0"
"6.0","34.0"
"5.0","177.0"
"18.9","19.0"
"20.0","10.0"
"10.0","19.0"
"10.0","19.0"
"9.0","19.0"
"50.0","-34.0"
"41.0","10.0"
"19.0","19.0"
"5.0","176.0"
"10.0","18.0"
"35.0","-35.0"
"5.0","186.0"
"40.0","-35.0"
"10.0","17.0"
"3.0","245.0"
"60.0","-36.0"
"50.0","-36.0"
"5.0","173.0"
"6.6","16.0"
"6.0","30.0"
"10.0","16.0"
"6.0","30.0"
"16.0","16.0"
"21.0","-37.0"
"15.9","16.0"
"6.6","15.0"
"35.0","-38.0"
"5.0","172.0"
"5.0","172.0"
"15.0","15.0"
"21.0","-38.0"
"10.0","15.0"
"5.0","171.0"
"19.9","5.0"
"2.0","274.0"
"20.0","5.0"
"21.0","-39.0"
"6.6","14.0"
"6.6","14.0"
"30.0","-39.0"
"5.0","170.0"
"6.0","141.0"
"6.0","67.0"
"40.0","-40.0"
"21.0","-40.0"
"40.0","4.0"
"21.0","3.0"
"18.0","3.0"
"10.0","12.0"
"9.0","12.0"
"6.0","26.0"
"40.0","3.0"
"111.1111111","12.0"
"1.0","284.0"
"4.2","202.0"
"41.0","2.0"
"10.0","11.0"
"6.0","25.0"
"4.2","221.0"
"4.1","229.0"
"5.0","182.0"
"7.5","11.0"
"6.0","25.0"
"5.0","168.0"
"9.2","11.0"
"9.2","11.0"
"6.6","11.0"
"6.0","24.0"
"5.0","167.0"
"5.0","178.0"
"35.0","1.0"
"51.0","1.0"
"20.0","1.0"
"6.6","10.0"
"3.0","237.0"
"10.0","9.0"
"20.0","8.0"
"10.0","8.0"
"20.0","8.0"
"5.0","176.0"
"17.40625","8.0"
"40.0","8.0"
"11.5","8.0"
"24.0","8.0"
"20.0","8.0"
"24.0","8.0"
"20.0","8.0"
"6.0","135.0"
"12.9","7.0"
"19.9","7.0"
"56.0","7.0"
"6.6","7.0"
"7.5","7.0"
"56.0","7.0"
"40.0","7.0"
"5.0","164.0"
"6.0","21.0"
"56.0","7.0"
"10.0","6.0"
"6.0","20.0"
"9.0","6.0"
"5.0","162.0"
"4.3","176.0"
"6.0","19.0"
"15.6179098","4.0"
"6.0006","4.0"
"6.0","60.0"
"10.0","4.0"
"3.8125","222.0"
"6.0","60.0"
"3.68","222.0"
"9.0","4.0"
"3.6","231.0"
"9.0","3.0"
"10.1","3.0"
"24.0","3.0"
"13.3333333","3.0"
"40.0","3.0"
"6.0","17.0"
"6.0","131.0"
"24.0","3.0"
"21.0","2.0"
"6.6","2.0"
"10.0","2.0"
"10.0","2.0"
"4.50045","170.0"
"50.0","2.0"
"4.0","220.0"
"7.0","2.0"
"7.0","1.0"
"7.9","1.0"
"6.0","15.0"
"6.6","1.0"
"9.5","1.0"
"6.6","1.0"
"6.0","15.0"
"8.0","1.0"
"20.0","1.0"
"3.0","255.0"
"6.0","14.0"
"21.0","0.0"
"15.0","14.0"
"6.0","14.0"
"4.50045","168.0"
"20.0","14.0"
"6.0006","14.0"
"6.0","14.0"
"30.0","13.0"
"8.0","13.0"
"4.32","170.0"
"21.0","13.0"
"9.0","13.0"
"6.0","13.0"
"10.0","13.0"
"60.0","13.0"
"4.0","217.0"
"5.0","140.0"
"1.0","271.0"
"20.0","13.0"
"6.0","127.0"
"4.0","216.0"
"40.0","12.0"
"21.0","12.0"
"21.0","12.0"
"6.0","12.0"
"20.0","12.0"
"5.0","166.0"
"8.8888889","12.0"
"6.0","54.0"
"40.0","12.0"
"24.0","12.0"
"8.8270002","12.0"
"4.2","208.0"
"21.0","12.0"
"21.0","12.0"
"8.0","12.0"
"40.0","12.0"
"4.2","208.0"
"6.0","54.0"
"4.2","208.0"
"40.0","12.0"
"6.0","11.0"
"6.0","11.0"
"4.2","207.0"
"41.0","11.0"
"6.7341931","11.0"
"6.0","10.0"
"6.0","10.0"
"5.0","214.0"
"10.0","10.0"
"6.0","51.0"
"30.0","9.0"
"6.6","9.0"
"3.0","223.0"
"10.0","8.0"
"6.0","8.0"
"6.0","8.0"
"6.6","8.0"
"4.0","212.0"
"10.0","8.0"
"8.0","8.0"
"40.0","7.0"
"9.2","7.0"
"6.0","7.0"
"40.0","7.0"
"24.0","7.0"
"8.0","7.0"
"4.4","161.0"
"56.0","7.0"
"56.0","7.0"
"56.0","6.0"
"56.0","6.0"
"2.0","264.0"
"56.0","6.0"
"20.0","6.0"
"19.9","6.0"
"20.0","6.0"
"6.0","5.0"
"5.9","132.0"
"56.0","5.0"
"56.0","5.0"
"6.0","5.0"
"60.0","5.0"
"6.0","5.0"
"56.0","5.0"
"10.0","5.0"
"3.0","218.0"
"45.7460317","4.0"
"41.0","4.0"
"56.0","4.0"
"6.0","46.0"
"56.0","4.0"
"6.0","4.0"
"6.0","158.0"
"13.3333333","3.0"
"6.0","3.0"
"50.0","3.0"
"56.0","3.0"
"8.0","3.0"
"6.0","3.0"
"6.0","3.0"
"50.0","3.0"
"50.0","3.0"
"10.0","3.0"
"14.4","3.0"
"50.0","2.0"
"6.0","2.0"
"50.0","2.0"
"15.0","2.0"
"50.0","2.0"
"51.0","2.0"
"40.0","2.0"
"24.0","1.0"
"40.0","1.0"
"10.58","1.0"
"6.6472225","1.0"
"6.0","1.0"
"21.0","1.0"
"4.5","178.0"
"4.5","178.0"
"24.0","1.0"
"5.3","128.0"
"10.0","42.0"
"40.0","0.0"
"21.0","0.0"
"21.0","0.0"
"13.3048125","0.0"
"40.0","0.0"
"6.6","0.0"
"6.0","41.0"
"10.0","39.0"
"7.0","39.0"
"10.0","39.0"
"10.0","39.0"
"21.0","41.0"
"4.2","175.0"
"4.2","194.0"
"5.1","125.0"
"56.0","38.0"
"5.0","152.0"
"21.0","38.0"
"4.2","175.0"
"3.0","36516.0"
"10.2","38.0"
"4.2","194.0"
"4.2","194.0"
"4.2","175.0"
"4.2","175.0"
"6.0","40.0"
"8.0","37.0"
"8.0","37.0"
"8.0","37.0"
"6.0","39.0"
"10.0","39.0"
"8.0","37.0"
"8.0","37.0"
"6.0","39.0"
"3.0","210.0"
"5.0","150.0"
"3.0","210.0"
"6.6","38.0"
"12.0","36.0"
"3.0","210.0"
"3.0","210.0"
"10.0","36.0"
"6.0","38.0"
"6.0","150.0"
"6.0","38.0"
"3.0","209.0"
"40.0","35.0"
"10.0","35.0"
"30.0","35.0"
"3.0","235.0"
"3.0","235.0"
"10.0","35.0"
"6.0","37.0"
"3.0","235.0"
"3.0","235.0"
"6.0","37.0"
"3.0","209.0"
"20.0","34.0"
"6.0","108.0"
"30.0","34.0"
"6.0","108.0"
"6.0","36.0"
"5.1","121.0"
"3.0","234.0"
"3.0","234.0"
"20.0","34.0"
"8.0","34.0"
"20.0","34.0"
"12.126122","34.0"
"20.0","34.0"
"20.0","34.0"
"3.0","234.0"
"3.0","234.0"
"20.0","33.0"
"3.0","233.0"
"3.0","233.0"
"8.0","35.0"
"3.0","233.0"
"3.0","233.0"
"21.0","33.0"
"3.0","233.0"
"10.0","35.0"
"10.0","33.0"
"4.2","227.0"
"3.0","233.0"
"20.0","32.0"
"50.0","32.0"
"100.0","32.0"
"6.0","106.0"
"6.0","105.0"
"10.0","31.0"
"56.0","31.0"
"6.0","105.0"
"6.9000003","30.0"
"21.0","30.0"
"6.0","104.0"
"3.15","230.0"
"6.0","32.0"
"20.0","30.0"
"41.0","32.0"
"10.0","32.0"
"6.0","186.0"
"20.0","29.0"
"12.0","29.0"
"6.0","103.0"
"15.0","29.0"
"6.0","103.0"
"36.0","29.0"
"11.0","28.0"
"9.0","28.0"
"6.0","102.0"
"20.0","27.0"
"36.0","27.0"
"20.0","27.0"
"21.0","29.0"
"56.0","27.0"
"56.0","26.0"
"6.0","182.0"
"4.2","182.0"
"18.0","26.0"
"21.0","28.0"
"6.0","100.0"
"10.0","28.0"
"3.333","189.0"
"6.0","99.0"
"6.0","99.0"
"6.0","99.0"
"21.0","27.0"
"8.0","25.0"
"6.0","99.0"
"6.0","99.0"
"11.0","25.0"
"21.0","24.0"
"8.0","24.0"
"16.0","24.0"
"1.0","242.0"
"9.95","24.0"
"6.0","98.0"
"50.0","26.0"
"10.0","26.0"
"4.2","179.0"
"5.1","110.0"
"5.1","110.0"
"16.0","23.0"
"6.0","97.0"
"9.0","23.0"
"4.2","179.0"
"20.0","23.0"
"4.1","187.0"
"4.2","179.0"
"8.75","23.0"
"4.0","186.0"
"6.0","96.0"
"41.0","22.0"
"6.6","24.0"
"6.0","73.0"
"36.0","22.0"
"15.0","22.0"
"3.0","196.0"
"30.0","21.0"
"6.6","21.0"
"45.7460317","21.0"
"6.6","21.0"
"10.0","20.0"
"4.5","137.0"
"6.0096","20.0"
"24.0","22.0"
"6.0","94.0"
"10.0","19.0"
"9.0","19.0"
"6.0","70.0"
"98.9","19.0"
"6.0","122.0"
"10.0","21.0"
"20.0","18.0"
"10.0","18.0"
"20.0","18.0"
"20.0","18.0"
"20.0","18.0"
"9.8","17.0"
"6.0","68.0"
"10.0","19.0"
"56.0","17.0"
"3.8125","180.0"
"10.0","16.0"
"6.0","90.0"
"56.0","16.0"
"35.0","16.0"
"9.0","16.0"
"6.0","67.0"
"10.0","17.0"
"6.0","89.0"
"5.0","129.0"
"56.0","15.0"
"51.0","17.0"
"14.4616745","15.0"
"23.0","15.0"
"80.0","15.0"
"13.3333333","17.0"
"10.0","15.0"
"6.0","89.0"
"9.0","15.0"
"10.0","15.0"
"4.2","171.0"
"6.0","89.0"
"6.0","178.0"
"6.0","14.0"
"3.0","214.0"
"6.0","87.0"
"7.8","13.0"
"7.0","15.0"
"3.0","212.0"
"5.0","115.0"
"6.0","86.0"
"21.0","14.0"
"4.0","176.0"
"10.0","14.0"
"8.0","12.0"
"14.4","13.0"
"10.0","11.0"
"6.6","13.0"
"15.0","11.0"
"21.0","13.0"
"6.0","85.0"
"4.2","147.0"
"4.2","166.0"
"4.2","166.0"
"4.2","166.0"
"4.2","166.0"
"2.0","216.0"
"6.0","84.0"
"24.0","12.0"
"4.2","166.0"
"10.0","10.0"
"10.0","12.0"
"4.2","166.0"
"56.0","10.0"
"4.2","147.0"
"11.0","9.0"
"6.6","11.0"
"10.0","10.0"
"6.0","59.0"
"6.0","82.0"
"3.0","182.0"
"10.2","7.0"
"1.0","225.0"
"9.0","7.0"
"6.0","81.0"
"11.0","7.0"
"35.0","7.0"
"7.0","7.0"
"10.0","6.0"
"3.0","206.0"
"12.0","6.0"
"10.0","7.0"
"24.0","7.0"
"6.6","7.0"
"10.0","5.0"
"24.0","6.0"
"10.0","5.0"
"56.0","3.0"
"21.0","3.0"
"0.2","226.0"
"30.0","2.0"
"7.5","2.0"
"7.5","2.0"
"8.0","1.0"
"15.0","1.0"
"5.3","88.0"
"1.0","219.0"
"10.0","3.0"
"6.0","75.0"
"4.5","117.0"
"3.0","200.0"
"20.0","2.0"
"6.0","51.0"
"20.0","2.0"
"15.0","2.0"
"20.0","1.0"
"24.0","1.0"
"24.0","1.0"
"30.0","1.0"
"6.0","50.0"
"10.0","1.0"
"6.6","1.0"
"6.0","73.0"
"30.0","1.0"
"21.0","1.0"
"20.0","1.0"
"6.0","73.0"
"8.0","1.0"
"10.0","40.0"
"21.0","40.0"
"10.0","40.0"
"7.0","40.0"
"10.0","0.0"
"45.7460317","0.0"
"10.0","40.0"
"6.0","72.0"
"6.0","72.0"
"21.0","39.0"
"6.0","71.0"
"20.0","39.0"
"7.2","114.0"
"56.0","39.0"
"8.0","39.0"
"7.2","39.0"
"11.0","39.0"
"6.0006","39.0"
"30.0","38.0"
"6.0","70.0"
"6.0","70.0"
"5.0","110.0"
"21.0","38.0"
"6.6","38.0"
"10.0","38.0"
"6.0","70.0"
"30.0","37.0"
"35.0","37.0"
"6.0","69.0"
"3.0","169.0"
"6.0","46.0"
"4.2","151.0"
"6.0","69.0"
"4.2","131.0"
"21.0","36.0"
"4.2","150.0"
"24.0","36.0"
"4.2","150.0"
"56.0","36.0"
"4.2","150.0"
"5.1","81.0"
"5.21875","81.0"
"4.2","150.0"
"24.0","36.0"
"8.8888889","68.0"
"41.0","36.0"
"4.2","150.0"
"4.2","150.0"
"4.2","150.0"
"4.2","150.0"
"4.2","150.0"
"8.0","35.0"
"8.0","35.0"
"20.0","35.0"
"30.0","35.0"
"1.0","210.0"
"9.0","34.0"
"10.0","34.0"
"41.0","34.0"
"8.0","34.0"
"9.0","34.0"
"6.0","66.0"
"6.0","43.0"
"6.0","42.0"
"8.0","32.0"
"10.0","32.0"
"15.0","32.0"
"18.0","32.0"
"15.0","32.0"
"56.0","32.0"
"6.0","40.0"
"51.0","31.0"
"24.0","31.0"
"40.0","31.0"
"6.0","63.0"
"24.0","31.0"
"8.0","31.0"
"40.0","31.0"
"8.0","31.0"
"10.0","31.0"
"7.8","30.0"
"40.0","30.0"
"5.0","105.0"
"26.0","30.0"
"9.0","30.0"
"6.6","30.0"
"40.0","30.0"
"40.0","30.0"
"40.0","30.0"
"20.0","30.0"
"5.25","75.0"
"10.0","30.0"
"9.0","29.0"
"40.0","29.0"
"6.0270064","38.0"
"40.0","29.0"
"40.0","29.0"
"40.0","29.0"
"1.0","205.0"
"40.0","29.0"
"6.0","38.0"
"41.0","29.0"
"40.0","28.0"
"5.25","73.0"
"40.0","28.0"
"1.0","209.0"
"40.0","28.0"
"111.1111111","28.0"
"12.8","28.0"
"6.0","59.0"
"6.0","59.0"
"6.0","59.0"
"5.0","88.0"
"6.0","59.0"
"10.0","27.0"
"10.0","36.0"
"1.0","208.0"
"9.0","35.0"
"6.0","26.0"
"25.0","26.0"
"6.0","58.0"
"5.0","87.0"
"6.0006","35.0"
"6.9000003","26.0"
"21.0","26.0"
"11.0","25.0"
"9.0","25.0"
"24.0","25.0"
"10.0","25.0"
"15.0","24.0"
"21.0","24.0"
"20.0","24.0"
"3.75","146.0"
"5.0","96.0"
"10.0","24.0"
"6.0","56.0"
"6.0","55.0"
"21.0","23.0"
"12.0","23.0"
"6.0","55.0"
"6.0","55.0"
"6.0006","32.0"
"6.0","144.0"
"6.0006","31.0"
"6.0","54.0"
"21.0","22.0"
"6.0","54.0"
"10.0","22.0"
"6.0","54.0"
"3.0","174.0"
"2.0","186.0"
"0.3","202.0"
"21.0","21.0"
"6.0","53.0"
"4.2","134.0"
"4.2","115.0"
"5.1","65.0"
"6.0","52.0"
"4.2","115.0"
"24.0","20.0"
"6.0","52.0"
"5.0","95.0"
"5.1","65.0"
"4.2","134.0"
"4.2","134.0"
"8.0","20.0"
"6.0","52.0"
"7.0","29.0"
"10.0","20.0"
"9.0","20.0"
"4.2","115.0"
"20.0","20.0"
"4.2","115.0"
"6.0","51.0"
"6.0","51.0"
"4.0","141.0"
"4.8","91.0"
"6.0","50.0"
"10.2","18.0"
"6.0","50.0"
"10.0","18.0"
"45.7460317","18.0"
"10.0","17.0"
"10.0","17.0"
"9.0","26.0"
"3.0","175.0"
"56.0","17.0"
"56.0","17.0"
"56.0","17.0"
"5.0","139.0"
"56.0","16.0"
"5.0","88.0"
"6.0","48.0"
"10.0","16.0"
"8.0","16.0"
"13.3333333","16.0"
"6.6","16.0"
"4.0","138.0"
"59.9983333","16.0"
"10.0","16.0"
"56.0","16.0"
"6.0","15.0"
"12.0","15.0"
"56.0","15.0"
"3.34375","137.0"
"6.0","47.0"
"56.0","15.0"
"6.0","47.0"
"10.0","15.0"
"21.0","15.0"
"56.0","15.0"
"41.0","15.0"
"100.0","15.0"
"7.8","14.0"
"56.0","14.0"
"56.0","14.0"
"50.0","14.0"
"12.0","14.0"
"24.0","14.0"
"6.0","46.0"
"3.0","172.0"
"10.0","13.0"
"8.0","13.0"
"56.0","13.0"
"10.0","13.0"
"15.0","13.0"
"6.0","22.0"
"3.0","171.0"
"7.5","13.0"
"56.0","13.0"
"20.0","13.0"
"56.0","12.0"
"20.0","12.0"
"15.0","12.0"
"60.0","12.0"
"9.90625","11.0"
"6.0","43.0"
"23.0","11.0"
"6.0","43.0"
"15.0","11.0"
"6.0","43.0"
"10.0","11.0"
"10.0","11.0"
"10.0","19.0"
"51.9","10.0"
"20.0","10.0"
"6.0","42.0"
"11.0","10.0"
"10.0","9.0"
"10.0","9.0"
"10.8","9.0"
"10.0","9.0"
"6.0","18.0"
"21.0","9.0"
"21.0","8.0"
"20.0","8.0"
"13.3333333","8.0"
"20.0","8.0"
"6.0","40.0"
"10.0","7.0"
"21.0","7.0"
"10.2","7.0"
"10.0","7.0"
"6.0","38.0"
"6.0","38.0"
"6.0","38.0"
"21.0","6.0"
"6.0","78.0"
"6.0","38.0"
"6.0","14.0"
"6.0","37.0"
"6.0","37.0"
"6.0","37.0"
"10.0","5.0"
"21.0","5.0"
"6.0","37.0"
"30.0","4.0"
"21.0","4.0"
"13.0","4.0"
"51.0","4.0"
"30.0","4.0"
"6.0","65.0"
"4.2","98.0"
"4.2","117.0"
"10.0","3.0"
"10.0","3.0"
"6.0","35.0"
"4.2","75.0"
"6.0","35.0"
"20.0","3.0"
"4.2","98.0"
"30.0","2.0"
"7.0","2.0"
"5.3","47.0"
"6.0","34.0"
"36.0","2.0"
"3.0","160.0"
"6.6","1.0"
"7.0","1.0"
"6.0","32.0"
"10.0","0.0"
"50.0","0.0"
"6.0","32.0"
"5.0","72.0"
"15.0","0.0"
"45.7460317","0.0"
"10.0","0.0"
"15.8288773","-1.0"
"10.0","-1.0"
"20.0","-1.0"
"10.0","-1.0"
"10.0","-1.0"
"6.0","8.0"
"10.0","-1.0"
"6.0","31.0"
"6.0","8.0"
"10.0","-2.0"
"6.0","30.0"
"15.0","-2.0"
"4.2","93.0"
"6.0","7.0"
"27.0","-2.0"
"15.0","-2.0"
"4.4","93.0"
"6.0","42.0"
"40.0","-3.0"
"9.0","-3.0"
"5.0","69.0"
"5.0","58.0"
"18.0","-3.0"
"10.0","-3.0"
"6.0","29.0"
"5.0","58.0"
"15.0","-4.0"
"6.0","28.0"
"9.0","-4.0"
"6.0","28.0"
"15.0","-4.0"
"10.0","-4.0"
"7.1","-4.0"
"30.0","-4.0"
"6.0","27.0"
"18.0","-5.0"
"6.0","27.0"
"50.0","-5.0"
"6.0","27.0"
"15.0","-5.0"
"6.6","-6.0"
"6.0","26.0"
"15.0","-6.0"
"18.0","150428.0"
"6.0","66.0"
"6.0","26.0"
"8.0","3.0"
"6.0","26.0"
"10.0","-6.0"
"3.0","146.0"
"4.2","108.0"
"4.2","108.0"
"6.0","25.0"
"15.0","-7.0"
"6.0","25.0"
"10.0","-7.0"
"18.0","1.0"
"15.0","1.0"
"6.0","24.0"
"50.0","1.0"
"10.0","-8.0"
"30.0","-8.0"
"15.0","-8.0"
"6.0","24.0"
"21.0","-8.0"
"6.0","24.0"
"6.0","23.0"
"6.0","23.0"
"15.0","0.0"
"9.0","0.0"
"6.0","23.0"
"9.0","0.0"
"12.0","0.0"
"14.4","0.0"
"21.0","0.0"
"10.0","0.0"
"1.0","171.0"
"15.0","-1.0"
"10.0","-1.0"
"20.0","-1.0"
"26.0","-1.0"
"50.0","-1.0"
"10.0","-1.0"
"21.0","-1.0"
"7.0","-1.0"
"6.0","22.0"
"56.0","-1.0"
"4.0","112.0"
"15.0","-1.0"
"10.0","-1.0"
"6.0","-1.0"
"20.0","-2.0"
"21.0","-2.0"
"5.0","61.0"
"45.7460317","-2.0"
"50.0","-2.0"
"8.0","-2.0"
"6.0","34.0"
"15.0","-2.0"
"56.0","-2.0"
"8.0","-2.0"
"8.0","-2.0"
"5.0","50.0"
"21.0","-3.0"
"6.0","110.0"
"15.0","-3.0"
"50.0","-3.0"
"56.0","-3.0"
"10.0","-3.0"
"5.0","49.0"
"10.0","-3.0"
"6.0","33.0"
"56.0","-3.0"
"15.0","-3.0"
"6.0","32.0"
"6.0","19.0"
"41.0","-4.0"
"21.0","-4.0"
"56.0","-4.0"
"8.0","-4.0"
"10.2","-4.0"
"15.0","-4.0"
"7.5","-4.0"
"4.2","100.0"
"6.0","31.0"
"4.2","81.0"
"41.0","-5.0"
"4.2","81.0"
"56.0","-5.0"
"8.0","-5.0"
"4.2","81.0"
"50.0","-5.0"
"6.0","31.0"
"6.0","31.0"
"6.0","18.0"
"15.0","-5.0"
"4.2","81.0"
"4.2","100.0"
"4.2","81.0"
"15.0","-6.0"
"10.0","-6.0"
"56.0","-6.0"
"50.0","-6.0"
"9.0","-6.0"
"24.0","-6.0"
"6.0","-6.0"
"6.9","-6.0"
"7.2","60.0"
"12.0","-6.0"
"6.0","30.0"
"6.0","30.0"
"6.0","30.0"
"7.2","-6.0"
"6.6","-7.0"
"6.0","29.0"
"15.0","-7.0"
"10.0","-7.0"
"20.0","-7.0"
"20.0","-7.0"
"15.0","-7.0"
"5.0","56.0"
"6.0","-7.0"
"6.0","28.0"
"3.0","141.0"
"50.0","-8.0"
"4.2","78.0"
"12.0","-8.0"
"20.0","-8.0"
"15.0","-8.0"
"9.0","-8.0"
"6.0","28.0"
"6.0","28.0"
"41.0","-8.0"
"10.0","-8.0"
"13.357397","-9.0"
"1.0","54.0"
"6.0","27.0"
"10.0","-9.0"
"6.0","27.0"
"6.0","27.0"
"15.0","-9.0"
"50.0","-10.0"
"10.0","-10.0"
"1.0","53.0"
"6.0","26.0"
"10.0","-10.0"
"6.0","26.0"
"20.0","-10.0"
"56.0","-10.0"
"20.0","-10.0"
"56.0","-10.0"
"1.0","53.0"
"56.0","-11.0"
"16.6","-11.0"
"6.0","25.0"
"13.3333333","-11.0"
"1.0","52.0"
"7.0","-11.0"
"6.0","25.0"
"6.0","12.0"
"6.0","25.0"
"6.0","-11.0"
"1.0","52.0"
"10.0","-11.0"
"56.0","-12.0"
"6.0","24.0"
"50.0","-12.0"
"10.0","-12.0"
"40.0","-12.0"
"1.0","51.0"
"50.0","-12.0"
"10.0","-12.0"
"50.0","-12.0"
"1.1","154.0"
"51.0","-13.0"
"1.0","50.0"
"10.0","-13.0"
"6.0","23.0"
"11.16","-13.0"
"56.0","-13.0"
"56.0","-13.0"
"3.0","136.0"
"56.0","-13.0"
"7.0","-13.0"
"1.0","50.0"
"6.0","23.0"
"16.7050327","-14.0"
"56.0","-14.0"
"56.0","-14.0"
"56.0","-14.0"
"1.0","49.0"
"16.7050327","-14.0"
"16.7050327","-14.0"
"16.7050327","-14.0"
"56.0","-14.0"
"16.7050327","-14.0"
"10.0","-14.0"
"16.7050327","-14.0"
"16.7050327","-14.0"
"16.7050327","-14.0"
"16.7050327","-14.0"
"6.6","-14.0"
"16.7050327","-14.0"
"16.7050327","-14.0"
"16.7050327","-14.0"
"16.7050327","-14.0"
"10.8","-14.0"
"1.0","49.0"
"16.7050327","-14.0"
"6.25","-15.0"
"6.0","21.0"
"21.0","-15.0"
"10.0","-15.0"
"16.7050327","-15.0"
"16.7050327","-15.0"
"1.0","48.0"
"16.7050327","-15.0"
"16.7050327","-15.0"
"16.7050327","-15.0"
"6.0","21.0"
"16.7050327","-15.0"
"6.0","21.0"
"16.7050327","-15.0"
"16.7050327","-15.0"
"16.7050327","-15.0"
"10.0","-15.0"
"1.0","48.0"
"6.0","21.0"
"16.7050327","-15.0"
"16.7050327","-15.0"
"11.0","-15.0"
"21.0","-16.0"
"10.0","-16.0"
"1.0","47.0"
"1.0","47.0"
"6.0","20.0"
"6.0","-16.0"
"21.0","-17.0"
"1.0","46.0"
"4.0","96.0"
"6.0","19.0"
"8.0","-17.0"
"20.0","-17.0"
"10.0","-17.0"
"4.515625","45.0"
"1.0","45.0"
"41.0","-18.0"
"1.0","45.0"
"10.0","-18.0"
"6.0","-18.0"
"6.0","18.0"
"6.0","18.0"
"21.0","-18.0"
"56.0","-18.0"
"1.0","44.0"
"10.0","-19.0"
"6.0","17.0"
"1.0","44.0"
"21.0","-19.0"
"6.0","17.0"
"40.0","-20.0"
"6.0","16.0"
"10.0","-20.0"
"21.0","-20.0"
"6.0","16.0"
"60.0","-20.0"
"6.0","16.0"
"6.0","16.0"
"6.0","15.0"
"9.0","2.0"
"1.0","42.0"
"6.0","15.0"
"1.0","42.0"
"1.0","42.0"
"56.0","15.0"
"12.9893048","2.0"
"21.0","15.0"
"6.0","14.0"
"6.9000003","1.0"
"6.0","14.0"
"6.0","14.0"
"4.1","91.0"
"1.0","41.0"
"5.1","14.0"
"10.0","14.0"
"7.0","1.0"
"6.0","14.0"
"4.1","91.0"
"10.0","14.0"
"1.0","41.0"
"4.0","91.0"
"6.0","13.0"
"1.0","40.0"
"1.0","40.0"
"9.0","0.0"
"41.0","13.0"
"4.2","82.0"
"4.2","63.0"
"15.0","13.0"
"7.0","13.0"
"3.0","120.0"
"10.0","13.0"
"10.0","0.0"
"6.0","13.0"
"4.2","63.0"
"20.0","13.0"
"10.0","13.0"
"10.0","12.0"
"20.0","12.0"
"50.0","12.0"
"35.0","12.0"
"1.0","39.0"
"13.3333333","12.0"
"10.0","12.0"
"6.0","11.0"
"40.0","11.0"
"1.0","38.0"
"1.0","38.0"
"10.0","11.0"
"1.0","37.0"
"41.0","10.0"
"1.0","37.0"
"10.0","10.0"
"56.0","10.0"
"2.0","141.0"
"40.0","10.0"
"6.0","10.0"
"10.0","10.0"
"16.0","9.0"
"1.0","36.0"
"1.0","36.0"
"10.0","9.0"
"10.0","9.0"
"41.0","9.0"
"30.0","8.0"
"6.0","8.0"
"1.0","35.0"
"12.0","8.0"
"9.0","8.0"
"10.0","8.0"
"6.0006","8.0"
"45.7460317","8.0"
"3.0","121.0"
"6.0","8.0"
"6.6","7.0"
"10.0","7.0"
"10.8","7.0"
"6.0","7.0"
"56.0","7.0"
"1.0","34.0"
"10.0","7.0"
"1.0","34.0"
"6.0","7.0"
"6.0006","7.0"
"6.0","6.0"
"6.0","6.0"
"1.0","33.0"
"40.0","6.0"
"6.0","6.0"
"10.0","6.0"
"1.0","33.0"
"6.0","22.0"
"56.0","6.0"
"10.0","6.0"
"1.0","142.0"
"1.0","32.0"
"56.0","5.0"
"7.0","5.0"
"56.0","5.0"
"1.0","32.0"
"20.0","5.0"
"10.0","5.0"
"1.0","141.0"
"6.0","4.0"
"6.6","4.0"
"111.1111111","4.0"
"8.0","4.0"
"6.0","4.0"
"25.0","4.0"
"1.0","31.0"
"6.0","4.0"
"10.0","4.0"
"40.0","4.0"
"6.02726","3.0"
"10.0","3.0"
"40.0","3.0"
"21.0","3.0"
"7.2","33.0"
"15.0","3.0"
"13.3333333","3.0"
"1.0","30.0"
"2.0","36939.0"
"1.0","30.0"
"3.0","115.0"
"1.0","29.0"
"10.0","2.0"
"7.0","2.0"
"21.0","2.0"
"1.0","29.0"
"5.625","2.0"
"11.0","2.0"
"9.0","2.0"
"10.0","2.0"
"45.7460317","2.0"
"10.0","1.0"
"20.0","1.0"
"20.0","1.0"
"8.8270002","1.0"
"80.0","1.0"
"20.0","1.0"
"21.0","1.0"
"1.0","28.0"
"20.0","1.0"
"1.0","28.0"
"20.0","1.0"
"10.0","1.0"
"50.0","0.0"
"1.0","27.0"
"10.0","0.0"
"21.0","0.0"
"10.0","0.0"
"21.0","0.0"
"7.5","0.0"
"11.0","0.0"
"1.0","27.0"
"21.0","0.0"
"6.0","15.0"
"6.0","76.0"
"41.0","15.0"
"6.0","15.0"
"6.0","15.0"
"6.0","15.0"
"1.0","26.0"
"21.0","15.0"
"9.0","15.0"
"40.0","15.0"
"6.0","15.0"
"18.0","14.0"
"10.0","14.0"
"10.0","14.0"
"1.0","25.0"
"6.0","14.0"
"10.0","14.0"
"6.0","14.0"
"21.0","14.0"
"1.0","25.0"
"6.9000003","14.0"
"20.0","14.0"
"18.0","14.0"
"4.2717669","25.0"
"1.0","24.0"
"0.5","1440.0"
"4.2","66.0"
"4.2","66.0"
"21.0","13.0"
"5.07","13.0"
"5.1","13.0"
"3.15","110.0"
"1.0","24.0"
"15.0","12.0"
"20.0","12.0"
"1.0","23.0"
"12.0","12.0"
"51.0","12.0"
"6.0","12.0"
"8.0","12.0"
"4.2","46.0"
"10.0","12.0"
"40.0","12.0"
"11.0","12.0"
"8.0","12.0"
"50.0","11.0"
"12.0","11.0"
"22.0","11.0"
"50.0","11.0"
"10.0","11.0"
"20.0","72.0"
"1.0","22.0"
"50.0","11.0"
"50.0","11.0"
"50.0","11.0"
"1.0","22.0"
"40.0","11.0"
"21.0","11.0"
"50.0","11.0"
"6.0","11.0"
"10.0","11.0"
"1.0","131.0"
"15.0","10.0"
"41.0","10.0"
"18.0","10.0"
"1.0","21.0"
"6.0","24.0"
"6.0","10.0"
"9.0","10.0"
"1.0","21.0"
"10.0","9.0"
"10.0","9.0"
"6.0","9.0"
"6.0","9.0"
"9.0","9.0"
"10.2","9.0"
"1.0","20.0"
"1.0","20.0"
"6.0","9.0"
"30.0","8.0"
"35.0","8.0"
"6.0","8.0"
"1.0","19.0"
"9.0","8.0"
"1.0","19.0"
"6.0","8.0"
"66.0","8.0"
"40.0","8.0"
"50.0","7.0"
"10.0","7.0"
"6.0","7.0"
"10.0","7.0"
"8.0","7.0"
"134.0","7.0"
"5.0","18.0"
"40.0","7.0"
"6.0","7.0"
"7.0","7.0"
"2.11","110.0"
"7.0","7.0"
"40.0","7.0"
"1.0","18.0"
"6.0","7.0"
"40.0","7.0"
"35.0","7.0"
"6.0","6.0"
"6.0","6.0"
"6.0","6.0"
"6.0","6.0"
"6.0","6.0"
"6.0","6.0"
"6.0","6.0"
"6.0","6.0"
"6.0","6.0"
"6.0","6.0"
"6.0","6.0"
"6.0","6.0"
"6.0","6.0"
"6.0","6.0"
"6.0","6.0"
"6.0","6.0"
"6.0","6.0"
"6.0","6.0"
"6.0","6.0"
"6.0","6.0"
"6.0","6.0"
"6.0","6.0"
"6.0","6.0"
"6.0","6.0"
"6.0","6.0"
"6.0","6.0"
"6.0","6.0"
"1.0","17.0"
"6.0","6.0"
"6.0","6.0"
"6.0","6.0"
"6.0","6.0"
"6.0","6.0"
"6.0","6.0"
"6.0","6.0"
"6.0","6.0"
"6.0","6.0"
"6.0","6.0"
"6.0","6.0"
"6.0","6.0"
"6.0","6.0"
"6.0","6.0"
"6.0","6.0"
"6.0","6.0"
"6.0","6.0"
"10.0","5.0"
"40.0","5.0"
"1.0","125.0"
"23.0","5.0"
"10.0","5.0"
"3.0","102.0"
"6.0","5.0"
"6.0","5.0"
"6.0","5.0"
"6.0","5.0"
"8.5","4.0"
"9.0","4.0"
"40.0","4.0"
"6.0","4.0"
"6.0","4.0"
"41.0","4.0"
"1.0","15.0"
"6.0","4.0"
"1.0","124.0"
"6.6","4.0"
"1.0","15.0"
"1.0","14.0"
"6.0","3.0"
"6.0","3.0"
"15.0","3.0"
"6.0","3.0"
"61.0","3.0"
"6.0","2.0"
"21.0","2.0"
"10.0","2.0"
"6.0","2.0"
"4.95","13.0"
"10.0","2.0"
"6.6","2.0"
"41.0","2.0"
"6.0","2.0"
"6.0","2.0"
"1.0","13.0"
"6.0","2.0"
"1.0","13.0"
"4.18","62.0"
"1.0","12.0"
"21.0","1.0"
"6.0","1.0"
"5.0","12.0"
"3.0","98.0"
"9.0","1.0"
"6.0","0.0"
"8.0","0.0"
"6.9","0.0"
"6.0","0.0"
"1.0","120.0"
"10.0","0.0"
"41.0","0.0"
"1.0","11.0"
"1.0","11.0"
"6.0","0.0"
"6.0","0.0"
"5.0","0.0"
"6.9","0.0"
"4.28125","11.0"
"6.0","0.0"
"21.0","0.0"
"10.0","0.0"
"45.7460317","0.0"
"15.0","10.0"
"20.0","10.0"
"6.0","10.0"
"10.0","10.0"
"10.0","10.0"
"7.0","10.0"
"6.0","10.0"
"21.0","10.0"
"1.0","10.0"
"5.625","10.0"
"9.95","10.0"
"10.0","10.0"
"10.0","10.0"
"7.0","10.0"
"1.0","10.0"
"6.0","9.0"
"10.0","9.0"
"20.0","9.0"
"6.0","9.0"
"1.0","9.0"
"10.0","9.0"
"6.0","9.0"
"6.0000005","9.0"
"6.0","9.0"
"6.0","9.0"
"21.0","9.0"
"13.3333333","9.0"
"1.0","8.0"
"7.5","8.0"
"6.0","8.0"
"6.0","8.0"
"21.0","8.0"
"9.2","8.0"
"6.0","8.0"
"1.0","8.0"
"30.0","8.0"
"5.1","7.0"
"4.5","7.0"
"4.2","49.0"
"6.0","7.0"
"4.2","30.0"
"4.2","30.0"
"4.2","49.0"
"4.2","30.0"
"1.0","7.0"
"1.0","7.0"
"10.0","7.0"
"6.0","6.0"
"6.0","6.0"
"10.0","6.0"
"6.0","6.0"
"6.0","6.0"
"1.0","6.0"
"6.0","6.0"
"6.0","6.0"
"6.0","6.0"
"9.0","6.0"
"10.12","5.0"
"6.0","5.0"
"10.0","5.0"
"60.0","5.0"
"6.9000003","5.0"
"4.0","54.0"
"6.9000003","4.0"
"26.0","4.0"
"11.0","4.0"
"6.0","4.0"
"8.8888889","7.0"
"6.0","4.0"
"6.0","4.0"
"10.0","4.0"
"9.0","3.0"
"8.4","3.0"
"13.3333333","3.0"
"10.0","3.0"
"12.0","3.0"
"6.0","3.0"
"6.0","3.0"
"9.0","2.0"
"6.0","2.0"
"10.0","2.0"
"6.0","2.0"
"6.0","2.0"
"30.0","2.0"
"6.0","2.0"
"8.0","2.0"
"6.0","1.0"
"9.0","1.0"
"15.0","1.0"
"10.0","1.0"
"6.0","1.0"
"6.0","1.0"
"10.0","1.0"
"4.2","43.0"
"10.0","18.0"
"6.0","0.0"
"20.0","3.0"
"3.0","86.0"
"10.0","3.0"
"6.0","0.0"
"25.0","0.0"
"6.0843131","0.0"
"13.65625","2.0"
"23.0","2.0"
"7.0","2.0"
"6.0","2.0"
"6.0","2.0"
"10.0","17.0"
"6.0","2.0"
"8.0","2.0"
"50.0","2.0"
"3.0","85.0"
"41.0","2.0"
"6.0","1.0"
"8.0","1.0"
"6.0","1.0"
"1.0","107.0"
"5.0","1.0"
"10.0","15.0"
"6.6","0.0"
"6.0","15.0"
"10.0","15.0"
"51.0","0.0"
"26.0","15.0"
"7.5","15.0"
"10.0","15.0"
"20.0","15.0"
"7.0","15.0"
"5.0","15.0"
"50.0","0.0"
"10.0","15.0"
"10.0","15.0"
"1.0","19.0"
"21.0","14.0"
"1.0","19.0"
"10.0","14.0"
"8.0","14.0"
"6.0","19.0"
"8.0","14.0"
"20.0","14.0"
"6.0","13.0"
"9.0","13.0"
"6.0","13.0"
"10.0","13.0"
"6.6","13.0"
"21.0","13.0"
"20.0","13.0"
"10.0","12.0"
"20.0","12.0"
"5.0005","12.0"
"6.0","17.0"
"10.0","12.0"
"6.0","12.0"
"10.0","12.0"
"6.0","12.0"
"21.0","12.0"
"45.7460317","12.0"
"6.0","11.0"
"6.0","11.0"
"21.0","11.0"
"6.0","11.0"
"10.0","11.0"
"6.0","11.0"
"6.0","11.0"
"50.0","10.0"
"6.0","10.0"
"1.9375","96.0"
"6.0","15.0"
"8.0","10.0"
"6.0","10.0"
"6.0","10.0"
"3.0","78.0"
"6.0","10.0"
"6.0","10.0"
"10.0","10.0"
"30.0","10.0"
"8.0","10.0"
"21.0","10.0"
"6.0","9.0"
"21.0","9.0"
"56.0","9.0"
"8.0","9.0"
"6.0","9.0"
"6.0","41.0"
"5.1","8.0"
"4.2","32.0"
"6.0","13.0"
"4.2","32.0"
"33.3333333","8.0"
"6.0","8.0"
"10.0","8.0"
"10.0","8.0"
"56.0","8.0"
"30.0","7.0"
"11.0","7.0"
"33.3333333","7.0"
"16.0","7.0"
"56.0","7.0"
"3.0","75.0"
"10.0","7.0"
"10.0","7.0"
"6.0","7.0"
"4.2","31.0"
"4.2","12.0"
"9.7326113","7.0"
"9.0","6.0"
"21.0","6.0"
"6.0","6.0"
"56.0","6.0"
"9.0","6.0"
"6.0","6.0"
"10.0","6.0"
"45.7460317","6.0"
"6.0","11.0"
"12.6212106","5.0"
"6.6","10.0"
"6.0","5.0"
"33.3333333","5.0"
"10.0","5.0"
"6.0","5.0"
"6.0","5.0"
"6.0","5.0"
"7.0","4.0"
"33.3333333","4.0"
"10.0","4.0"
"56.0","4.0"
"6.0","9.0"
"33.3333333","3.0"
"6.0","3.0"
"9.0","3.0"
"6.6","3.0"
"25.0","2.0"
"10.0","2.0"
"6.0","2.0"
"6.6","2.0"
"10.2","2.0"
"10.0","2.0"
"6.0","7.0"
"10.0","2.0"
"33.3333333","1.0"
"1.0","92.0"
"6.0","1.0"
"12.0","1.0"
"6.0","1.0"
"5.0","5.0"
"6.0006","0.0"
"3.0","68.0"
"8.0","5.0"
"6.0","5.0"
"10.0","5.0"
"0.8","91.0"
"1.0","91.0"
"6.0","5.0"
"10.0","5.0"
"5.0","5.0"
"6.0","5.0"
"33.3333333","0.0"
"6.0","4.0"
"4.2","23.0"
"6.0","4.0"
"3.0","67.0"
"6.0","4.0"
"6.0","3.0"
"8.0","3.0"
"10.0","3.0"
"9.0","3.0"
"10.0","2.0"
"21.0","2.0"
"6.0","2.0"
"40.0","2.0"
"35.0","1.0"
"35.0","1.0"
"21.0","1.0"
"6.0","1.0"
"6.0","1.0"
"10.0","1.0"
"12.0","1.0"
"6.0","1.0"
"6.0","1.0"
"6.0","1.0"
"9.0","1.0"
"1.0","86.0"
"6.0","0.0"
"56.0","0.0"
"8.0","0.0"
"6.0","0.0"
"10.0","0.0"
"6.0","0.0"
"6.0006","0.0"
"6.0","0.0"
"6.0","-1.0"
"10.0","-1.0"
"10.0","-1.0"
"6.0","-1.0"
"21.0","-1.0"
"3.0","62.0"
"7.0","-1.0"
"20.0","-1.0"
"5.0","-1.0"
"13.0","-1.0"
"11.0","-1.0"
"10.0","-1.0"
"20.0","-1.0"
"21.0","-2.0"
"10.0","-2.0"
"6.0","-2.0"
"20.0","-2.0"
"6.0","-2.0"
"2.0","66.0"
"6.0843131","-3.0"
"4.5","-3.0"
"4.1","24.0"
"4.5","-3.0"
"4.2","-3.0"
"3.159283","24.0"
"6.0843131","-3.0"
"10.0","-3.0"
"4.2","16.0"
"4.2","16.0"
"5.1","-3.0"
"4.5","-3.0"
"4.2","16.0"
"6.0","-3.0"
"12.0","-4.0"
"20.0","-4.0"
"7.1","-4.0"
"6.0","-4.0"
"6.0","-4.0"
"10.0","-4.0"
"56.0","-4.0"
"6.0","-5.0"
"6.0","-5.0"
"7.0","-5.0"
"56.0","-5.0"
"10.0","-5.0"
"10.0","-5.0"
"3.0","58.0"
"6.0","-6.0"
"20.0","-6.0"
"10.0","-6.0"
"6.0","-6.0"
"6.0","-6.0"
"5.0005","-6.0"
"6.0","-6.0"
"51.0","-6.0"
"15.0","-6.0"
"10.0","-7.0"
"5.0","-7.0"
"8.0","-7.0"
"10.0","-7.0"
"1.0","79.0"
"9.0","-7.0"
"6.0","-8.0"
"10.0","-8.0"
"45.7460317","-8.0"
"4.3","-8.0"
"20.0","-8.0"
"1.0","78.0"
"40.0","-9.0"
"40.0","-9.0"
"5.0005","-9.0"
"60.0","-9.0"
"21.0","-9.0"
"3.0","54.0"
"6.0","-9.0"
"35.0","-9.0"
"10.0","-9.0"
"40.0","-9.0"
"40.0","-10.0"
"21.0","-10.0"
"40.0","-10.0"
"14.4","-10.0"
"6.0","-10.0"
"40.0","-10.0"
"6.0","-10.0"
"6.0","-10.0"
"7.5","-10.0"
"6.0","-10.0"
"6.0","-11.0"
"20.0","-11.0"
"20.0","-11.0"
"10.0","-11.0"
"3.1","26.0"
"10.0","-11.0"
"13.3333333","-11.0"
"21.0","-12.0"
"1.0","74.0"
"56.0","-12.0"
"20.0","-12.0"
"30.0","-12.0"
"6.0","-12.0"
"10.0","-13.0"
"6.02","-13.0"
"40.0","-13.0"
"20.0","-13.0"
"60.0","-13.0"
"9.0","-13.0"
"21.0","-14.0"
"40.0","-14.0"
"10.0","-14.0"
"6.0","-14.0"
"7.0","-14.0"
"7.0","-14.0"
"12.0","-14.0"
"8.0","-14.0"
"6.0","-14.0"
"12.0","-14.0"
"21.0","-15.0"
"6.0","-15.0"
"4.2","4.0"
"20.0","-15.0"
"6.0","-15.0"
"5.1","-15.0"
"4.2","4.0"
"4.2","-15.0"
"10.0","-16.0"
"10.0","-16.0"
"10.0","-16.0"
"10.0","-16.0"
"56.0","-16.0"
"6.0","-16.0"
"6.0","2.0"
"20.0","2.0"
"10.0","1.0"
"6.0","1.0"
"13.3333333","0.0"
"6.6","0.0"
"10.0","0.0"
"8.0","0.0"
"6.0","0.0"
"6.0","0.0"
"5.0","0.0"
"10.0","0.0"
"7.0","0.0"
"20.0","-1.0"
"4.4","-1.0"
"6.0","-1.0"
"10.0","-1.0"
"10.0","-1.0"
"5.0","-1.0"
"6.0","-1.0"
"7.0","-1.0"
"6.0","7.0"
"7.0","-1.0"
"6.0","-1.0"
"20.0","-1.0"
"4.4","-1.0"
"10.0","-1.0"
"45.0","-2.0"
"16.0","-2.0"
"6.0","-2.0"
"41.0","-2.0"
"8.0","-2.0"
"6.0","-3.0"
"6.0","-3.0"
"6.0","-3.0"
"6.0","-3.0"
"6.0","-3.0"
"6.0","-3.0"
"6.0","-3.0"
"20.0","-4.0"
"6.0","4.0"
"6.0","4.0"
"6.0","4.0"
"56.0","-4.0"
"20.0","-4.0"
"16.0","3.0"
"3.0","39.0"
"6.6","3.0"
"5.3","3.0"
"30.0","3.0"
"10.0","3.0"
"6.0","2.0"
"6.6","2.0"
"6.0","2.0"
"10.0","2.0"
"50.0","2.0"
"6.0","2.0"
"40.0","1.0"
"40.0","1.0"
"20.0","1.0"
"21.0","1.0"
"3.0","37.0"
"50.0","1.0"
"40.0","1.0"
"9.0","1.0"
"6.0","1.0"
"7.0","0.0"
"10.0","0.0"
"6.0","0.0"
"6.0","0.0"
"6.0","0.0"
"21.0","0.0"
"4.2","0.0"
"5.0","0.0"
"56.0","0.0"
"5.0","0.0"
"10.0","0.0"
"20.0","0.0"
"6.0","0.0"
"7.0","0.0"
"40.0","-1.0"
"41.0","-1.0"
"8.0","-1.0"
"9.0","-1.0"
"50.0","-1.0"
"8.0","-1.0"
"3.0000001","9.0"
"40.0","-1.0"
"50.0","-1.0"
"20.0","-1.0"
"6.0","-1.0"
"21.0","-1.0"
"40.0","-1.0"
"4.2","-2.0"
"6.0","-2.0"
"21.0","-2.0"
"6.0","-2.0"
"11.0","-2.0"
"1.0","57.0"
"45.7460317","-2.0"
"4.2","7.0"
"60.0","7.0"
"4.2","7.0"
"45.7460317","-3.0"
"4.2","7.0"
"4.2","7.0"
"7.5","7.0"
"4.2","7.0"
"41.0","6.0"
"40.0","6.0"
"6.0","6.0"
"6.0","6.0"
"40.0","6.0"
"35.0","6.0"
"6.9","5.0"
"6.9","5.0"
"6.0","5.0"
"6.9","5.0"
"6.9","5.0"
"6.9","5.0"
"5.0","4.0"
"7.1","4.0"
"51.0","4.0"
"11.0","4.0"
"50.0","4.0"
"6.0006","4.0"
"6.0","4.0"
"6.0","3.0"
"10.0","3.0"
"56.0","7.0"
"1.0","52.0"
"9.0","3.0"
"6.0","3.0"
"6.0006","3.0"
"6.0","23.0"
"41.0","3.0"
"6.0","23.0"
"6.0","3.0"
"50.0","3.0"
"8.0","3.0"
"6.0","2.0"
"41.0","2.0"
"3.0","28.0"
"6.0","1.0"
"6.0","1.0"
"6.0","1.0"
"6.0","1.0"
"6.9","1.0"
"7.5","1.0"
"6.0","1.0"
"16.46875","1.0"
"6.0","1.0"
"6.0","1.0"
"6.0","1.0"
"5.0","20.0"
"6.9000003","20.0"
"6.0","20.0"
"10.0","20.0"
"7.0","20.0"
"4.0","26.0"
"20.0","4.0"
"10.0","20.0"
"4.0","26.0"
"5.0","19.0"
"6.0","19.0"
"6.0","19.0"
"20.0","3.0"
"20.0","2.0"
"6.0","18.0"
"6.0","18.0"
"6.0","18.0"
"7.0","18.0"
"5.0","18.0"
"6.0","18.0"
"9.0","18.0"
"6.0","18.0"
"7.8","18.0"
"6.0","18.0"
"7.0","18.0"
"13.0","17.0"
"10.2","17.0"
"12.0","17.0"
"1.0","46.0"
"21.0","1.0"
"8.8888889","17.0"
"35.0","1.0"
"40.0","1.0"
"6.0","17.0"
"6.0","17.0"
"4.0","22.0"
"10.2","16.0"
"45.7460317","0.0"
"6.0","16.0"
"3.0","22.0"
"6.0","16.0"
"6.0","16.0"
"3.0","22.0"
"21.0","0.0"
"6.0","15.0"
"6.0","17.0"
"21.0","-1.0"
"20.0","-1.0"
"6.0","15.0"
"20.0","-1.0"
"9.95","15.0"
"8.0","14.0"
"21.0","-2.0"
"18.0","14.0"
"18.0","14.0"
"6.6","14.0"
"18.0","13.0"
"10.0","13.0"
"6.6","13.0"
"21.0","-3.0"
"6.0","13.0"
"6.0","13.0"
"6.0","13.0"
"4.2","12.0"
"3.0","12.0"
"3.8125","12.0"
"9.0","12.0"
"9.0","12.0"
"4.2","12.0"
"6.0006","11.0"
"6.0","11.0"
"4.2","11.0"
"18.0","150293.0"
"21.0","-5.0"
"9.0","10.0"
"10.0","10.0"
"10.0","10.0"
"56.0","-6.0"
"6.0","10.0"
"6.0","10.0"
"8.0","9.0"
"6.0","9.0"
"6.0","9.0"
"21.0","-7.0"
"56.0","-7.0"
"6.0","9.0"
"1.0","38.0"
"7.0","9.0"
"1.0","37.0"
"6.0","8.0"
"6.0","8.0"
"4.5","8.0"
"6.6","8.0"
"45.7460317","-8.0"
"6.0","8.0"
"14.125","7.0"
"3.21","13.0"
"56.0","-9.0"
"35.0","-9.0"
"41.0","-9.0"
"3.21","13.0"
"14.4","7.0"
"13.3333333","7.0"
"8.0","7.0"
"6.0","6.0"
"9.0","6.0"
"6.0","6.0"
"6.0","6.0"
"7.2","6.0"
"6.6","6.0"
"6.0","6.0"
"6.0","6.0"
"60.0","5.0"
"8.0","5.0"
"8.0","5.0"
"6.0","4.0"
"60.0","4.0"
"41.0","4.0"
"6.0","3.0"
"6.0","3.0"
"5.0","3.0"
"6.0","3.0"
"6.0","3.0"
"6.0","3.0"
"4.0","9.0"
"6.0","3.0"
"3.0","9.0"
"10.0","3.0"
"6.0","2.0"
"10.0","2.0"
"6.0","2.0"
"4.1999998","1.0"
"3.0","7.0"
"4.1999998","1.0"
"4.2","1.0"
"4.1999998","1.0"
"4.1999998","1.0"
"4.1999998","1.0"
"4.1999998","1.0"
"4.1999998","1.0"
"4.1999998","1.0"
"4.1999998","1.0"
"4.1999998","1.0"
"4.1999998","1.0"
"21.0","1.0"
"4.1999998","1.0"
"6.0","1.0"
"4.1999998","1.0"
"6.0","1.0"
"4.1999998","1.0"
"4.1999998","1.0"
"4.1999998","1.0"
"6.0","1.0"
"6.0","1.0"
"4.1999998","1.0"
"4.1999998","1.0"
"3.21","6.0"
"4.0","6.0"
"20.0","2.0"
"5.0005","0.0"
"20.0","2.0"
"6.6","0.0"
"30.0","0.0"
"7.8","2.0"
"10.0","1.0"
"33.3333333","1.0"
"6.0","1.0"
"20.0","1.0"
"21.0","5.0"
"29.355223","1.0"
"6.0","1.0"
"20.0","1.0"
"6.0","1.0"
"10.2","1.0"
"5.0","4.0"
"10.0","4.0"
"10.0","4.0"
"8.0","4.0"
"10.0","4.0"
"51.0","4.0"
"6.0","4.0"
"3.0","4.0"
"5.0","4.0"
"40.0","4.0"
"7.0","4.0"
"6.0","4.0"
"7.0","4.0"
"6.0","4.0"
"3.0","10.0"
"6.0","4.0"
"20.0","4.0"
"21.0","0.0"
"16.0","4.0"
"10.0","3.0"
"21.0","3.0"
"7.8","9.0"
"6.0","3.0"
"35.0","3.0"
"6.0","3.0"
"6.0","3.0"
"7.0","3.0"
"6.97","3.0"
"4.2","2.0"
"5.1","2.0"
"5.1","2.0"
"10.0","1.0"
"11.0","1.0"
"40.0","1.0"
"12.0","1.0"
"6.0","1.0"
"1.0","24.0"
"6.0","1.0"
"6.0","0.0"
"3.21","6.0"
"20.0","6.0"
"3.0","0.0"
"45.7460317","0.0"
"40.0","6.0"
"6.0","5.0"
"20.0","5.0"
"1.0","22.0"
"4.3","22.0"
"6.0","5.0"
"6.0","5.0"
"3.2180115","5.0"
"8.0","5.0"
"7.1","5.0"
"20.0","5.0"
"3.0","5.0"
"100.0","5.0"
"1.0","22.0"
"6.0","4.0"
"10.2","4.0"
"23.0","3.0"
"6.0","3.0"
"1.0","19.0"
"6.6","2.0"
"6.0","2.0"
"9.0","1.0"
"13.3333333","1.0"
"6.6","1.0"
"16.0","1.0"
"6.0","1.0"
"10.0","0.0"
"6.0","0.0"
"3.0","0.0"
"5.0","0.0"
"6.0","0.0"
"3.0","0.0"
"20.0","0.0"
"6.0","0.0"
"6.0","0.0"
"10.0","0.0"
"20.0","0.0"
"3.0","0.0"
"3.21","0.0"
"44.0","0.0"
"21.0","0.0"
"7.0","0.0"
"6.0","-1.0"
"6.0","-1.0"
"10.0","-1.0"
"21.0","-1.0"
"5.0","-1.0"
"21.0","-1.0"
"41.0","-1.0"
"20.0","-1.0"
"45.7460317","-2.0"
"41.0","-2.0"
"9.0","-2.0"
"6.0","-2.0"
"4.2","-3.0"
"20.0","-3.0"
"6.0","-3.0"
"6.0","-3.0"
"3.0","-3.0"
"5.0","-3.0"
"21.0","-3.0"
"6.0","-3.0"
"7.2","-3.0"
"12.0","-3.0"
"1.0","13.0"
"21.0","0.0"
"3.15","8.0"
"30.0","0.0"
"6.0","8.0"
"6.0","-4.0"
"6.0","0.0"
"7.0","-1.0"
"4.1","7.0"
"6.0","-1.0"
"5.0","7.0"
"4.2","-1.0"
"4.2","7.0"
"4.2","7.0"
"20.0","-1.0"
"4.2","7.0"
"4.2","-1.0"
"10.0","-1.0"
"5.0","7.0"
"3.0","7.0"
"4.2","7.0"
"6.0","-1.0"
"4.2","7.0"
"20.0","-1.0"
"10.0","-1.0"
"21.0","-1.0"
"41.0","-1.0"
"3.0","7.0"
"7.0","-1.0"
"60.0","-1.0"
"3.0","7.0"
"3.0","7.0"
"4.2","7.0"
"6.0","-2.0"
"6.0","-2.0"
"6.0","-2.0"
"6.0","-2.0"
"6.0","-2.0"
"6.0","-2.0"
"6.0","-2.0"
"6.0","-2.0"
"6.0","-2.0"
"6.0","-2.0"
"6.0","-2.0"
"6.0","-2.0"
"6.0","-2.0"
"6.0","-2.0"
"6.0","-2.0"
"6.0","-2.0"
"6.0","-2.0"
"6.0","-2.0"
"6.0","-2.0"
"6.0","-2.0"
"6.0","-2.0"
"6.0","-2.0"
"6.0","-2.0"
"6.0","-2.0"
"6.0","6.0"
"6.0","-2.0"
"6.0","-2.0"
"6.0","-2.0"
"6.0","-2.0"
"6.0","-2.0"
"6.0","-2.0"
"6.0","-2.0"
"6.0","-2.0"
"6.0","-2.0"
"6.0","-2.0"
"6.0","-2.0"
"6.0","-2.0"
"6.0","-2.0"
"5.1930835","6.0"
"6.0","-2.0"
"6.0","-2.0"
"6.0","-2.0"
"6.0","-2.0"
"6.0","-2.0"
"6.0","-2.0"
"6.0","-2.0"
"6.0","-2.0"
"6.0","-2.0"
"6.0","-2.0"
"6.0","-2.0"
"6.0","-2.0"
"6.0","-2.0"
"6.0","-2.0"
"6.0","-2.0"
"8.0","-2.0"
"6.0","-2.0"
"6.0","-2.0"
"5.0","6.0"
"6.0","-2.0"
"6.0","-2.0"
"6.0","-2.0"
"6.0","-2.0"
"6.0","-2.0"
"40.0","-2.0"
"6.0","-2.0"
"6.0","-2.0"
"6.0","-2.0"
"6.0","-2.0"
"6.0","-2.0"
"6.0","6.0"
"6.0","-2.0"
"6.0","-2.0"
"7.5","-2.0"
"6.0","-2.0"
"6.0","-2.0"
"6.0","-2.0"
"6.0","-2.0"
"6.0","-2.0"
"8.8888889","-2.0"
"6.0","-2.0"
"9.0","-2.0"
"6.0","-2.0"
"6.0","-2.0"
"6.0","-2.0"
"6.0","-2.0"
"6.0","-2.0"
"6.0","-2.0"
"6.0","-3.0"
"20.0","-3.0"
"3.0","5.0"
"6.0","-3.0"
"3.0","5.0"
"6.0","-3.0"
"56.0","-3.0"
"6.0","-3.0"
"8.0","-3.0"
"9.95","-3.0"
"3.0","4.0"
"6.0","-4.0"
"3.0","4.0"
"6.0","-4.0"
"8.0","-4.0"
"3.0","4.0"
"5.0","4.0"
"3.0","4.0"
"6.0","4.0"
"3.0","4.0"
"10.0","3.0"
"6.0","3.0"
"11.5","3.0"
"10.0","3.0"
"10.0","3.0"
"10.0","3.0"
"6.0","3.0"
"6.0","3.0"
"10.0","2.0"
"1.0","7.0"
"20.0","2.0"
"10.0","2.0"
"10.0","2.0"
"7.0","2.0"
"10.0","2.0"
"7.5","2.0"
"10.0","2.0"
"6.0","2.0"
"10.0","1.0"
"50.0","1.0"
"40.0","1.0"
"20.0","1.0"
"6.0","1.0"
"5.0","1.0"
"41.0","1.0"
"6.0","1.0"
"30.0","1.0"
"10.0","0.0"
"7.0","13.0"
"1.0","53.0"
"5.0","52.0"
"6.0","5.0"
"20.0","13.0"
"10.0","0.0"
"5.0005","5.0"
"4.0","5.0"
"20.0","13.0"
"1.0","5.0"
"1.0","5.0"
"40.0","5.0"
"41.0","4.0"
"6.0","4.0"
"15.0","4.0"
"35.0","4.0"
"5.0","4.0"
"6.6","4.0"
"3.21","4.0"
"41.0","4.0"
"7.5","4.0"
"3.21","4.0"
"35.0","4.0"
"18.0","3.0"
"6.0","50.0"
"6.0","3.0"
"56.0","11.0"
"18.0","3.0"
"18.0","3.0"
"20.0","3.0"
"5.0","3.0"
"5.0","3.0"
"35.0","3.0"
"9.0","2.0"
"5.0","49.0"
"3.0000001","2.0"
"12.0","2.0"
"5.0","1.0"
"10.0","1.0"
"21.0","1.0"
"9.0","1.0"
"7.0","1.0"
"5.0","1.0"
"6.0","1.0"
"5.0","1.0"
"3.0","48.0"
"5.0","0.0"
"5.0","47.0"
"3.0","47.0"
"9.0","0.0"
"6.0","0.0"
"41.0","8.0"
"21.0","8.0"
"10.0","8.0"
"51.0","0.0"
"3.0","47.0"
"5.0","47.0"
"6.25","8.0"
"50.0","0.0"
"10.0","8.0"
"7.0","8.0"
"6.0","0.0"
"5.0","47.0"
"6.0","7.0"
"6.0","7.0"
"6.0","7.0"
"6.0","7.0"
"6.0","7.0"
"6.0","7.0"
"6.0","7.0"
"6.0","7.0"
"6.0","7.0"
"6.0","7.0"
"6.0","7.0"
"6.0","7.0"
"9.0","7.0"
"6.0","7.0"
"6.0","7.0"
"6.0","7.0"
"6.0","7.0"
"6.0","7.0"
"6.0","7.0"
"6.0","7.0"
"6.0","7.0"
"6.0","7.0"
"6.0","7.0"
"6.0","7.0"
"21.0","7.0"
"6.0","7.0"
"6.0","7.0"
"6.0","7.0"
"6.0","7.0"
"6.0","7.0"
"6.0","7.0"
"6.0","7.0"
"6.0","7.0"
"6.0","7.0"
"6.0","46.0"
"6.0","7.0"
"6.0","7.0"
"6.0","7.0"
"6.0","7.0"
"6.0","7.0"
"6.0","7.0"
"6.0","7.0"
"6.0","7.0"
"6.0","7.0"
"6.0","26.0"
"6.0","7.0"
"6.0","7.0"
"6.0","7.0"
"6.0","7.0"
"6.0","7.0"
"6.0","7.0"
"6.0","7.0"
"6.0","7.0"
"6.0","7.0"
"10.0","7.0"
"6.0","7.0"
"6.0","7.0"
"6.0","7.0"
"6.0","7.0"
"6.0","7.0"
"6.0","7.0"
"6.0","7.0"
"6.0","7.0"
"6.0","7.0"
"6.0","7.0"
"6.0","7.0"
"6.0","7.0"
"6.0","7.0"
"6.0","7.0"
"6.0","7.0"
"6.0","7.0"
"6.0","7.0"
"6.0","7.0"
"14.4","7.0"
"6.0","7.0"
"6.0","7.0"
"6.0","7.0"
"6.0","7.0"
"6.0","7.0"
"6.0","7.0"
"6.0","7.0"
"6.0","7.0"
"6.0","7.0"
"6.0","7.0"
"6.0","7.0"
"6.0","7.0"
"6.0","7.0"
"6.0","7.0"
"8.8270002","6.0"
"1.0","46.0"
"45.7460317","6.0"
"21.0","6.0"
"5.0","45.0"
"4.0","45.0"
"13.0","6.0"
"6.2","6.0"
"6.0","6.0"
"5.0","45.0"
"5.0","44.0"
"45.7460317","5.0"
"21.0","5.0"
"6.0","5.0"
"4.2","43.0"
"4.2","43.0"
"5.0","43.0"
"4.2","43.0"
"5.0","43.0"
"4.2","43.0"
"3.0","43.0"
"80.0","4.0"
"50.0","4.0"
"4.2","43.0"
"4.2","43.0"
"21.0","3.0"
"26.0","3.0"
"2.0","43.0"
"5.0","42.0"
"2.0","43.0"
"4.1","42.0"
"2.0","43.0"
"3.0","42.0"
"6.0","3.0"
"6.0","22.0"
"4.2","42.0"
"21.0","3.0"
"4.5","42.0"
"2.0","43.0"
"6.0","41.0"
"6.6","2.0"
"6.0","21.0"
"5.3","41.0"
"5.0","41.0"
"3.34375","40.0"
"5.0","40.0"
"4.5","40.0"
"4.18","40.0"
"5.0","40.0"
"6.0","1.0"
"6.0","1.0"
"3.0","39.0"
"3.0","39.0"
"3.21","40.0"
"10.0","0.0"
"3.21","40.0"
"6.0","0.0"
"20.0","0.0"
"5.0","39.0"
"1.0","40.0"
"10.0","0.0"
"5.0","39.0"
"1.0","40.0"
"3.0","39.0"
"5.0","39.0"
"7.0","0.0"
"5.0","39.0"
"9.0","0.0"
"21.0","0.0"
"1.0","39.0"
"4.0","38.0"
"41.0","-1.0"
"6.0","37.0"
"50.0","-3.0"
"5.0","36.0"
"50.0","-3.0"
"50.0","-3.0"
"4.2","36.0"
"50.0","-3.0"
"50.0","-3.0"
"6.0","36.0"
"13.0","-3.0"
"50.0","-3.0"
"20.0","-3.0"
"50.0","-3.0"
"50.0","-3.0"
"50.0","-3.0"
"50.0","-3.0"
"50.0","-3.0"
"50.0","-3.0"
"50.0","-3.0"
"6.0","-4.0"
"6.6","-4.0"
"6.0","35.0"
"6.0","-4.0"
"6.9","-4.0"
"30.0","-4.0"
"6.0","15.0"
"6.0","-4.0"
"6.9","-4.0"
"6.0","14.0"
"6.0","34.0"
"6.0","-5.0"
"2.0","35.0"
"10.0","-5.0"
"8.0","-5.0"
"10.0","-5.0"
"8.0","-5.0"
"6.0","34.0"
"6.0","-5.0"
"31.46875","-5.0"
"6.0","14.0"
"7.0","-5.0"
"2.0","174.0"
"8.0","-6.0"
"20.0","-6.0"
"6.0","33.0"
"6.0","-6.0"
"10.0","-6.0"
"3.21","34.0"
"20.0","-6.0"
"15.0","-7.0"
"21.0","-7.0"
"6.0","-7.0"
"8.0","-7.0"
"6.0","32.0"
"27.0","-7.0"
"7.0","-7.0"
"5.0","31.0"
"6.0","-8.0"
"7.1","-8.0"
"10.2","-8.0"
"6.3","-8.0"
"5.0","31.0"
"21.0","-8.0"
"42.0","-8.0"
"3.0","31.0"
"6.6","-9.0"
"21.0","-9.0"
"9.0","-9.0"
"7.0","-9.0"
"6.0","-9.0"
"4.2","30.0"
"10.2","-9.0"
"10.0","-10.0"
"6.0","-10.0"
"10.0","-10.0"
"4.2","29.0"
"6.6","-10.0"
"5.0","29.0"
"5.0","28.0"
"21.0","8.0"
"6.0","28.0"
"6.0","8.0"
"4.0","28.0"
"6.0","28.0"
"3.21","28.0"
"5.0","27.0"
"10.0","7.0"
"50.0","7.0"
"1.0","28.0"
"0.2633367","53384.0"
"21.0","7.0"
"4.2","26.0"
"4.2","26.0"
"4.2","26.0"
"4.2","26.0"
"4.2","26.0"
"4.1","26.0"
"4.2","26.0"
"6.0","6.0"
"10.0","6.0"
"4.2","26.0"
"44.0","6.0"
"4.2","26.0"
"4.2","26.0"
"4.2","26.0"
"4.1","26.0"
"4.2","25.0"
"13.3333333","5.0"
"6.0","25.0"
"10.0","5.0"
"50.0","4.0"
"56.0","4.0"
"45.7460317","4.0"
"6.0","4.0"
"56.0","4.0"
"6.2","4.0"
"6.0","24.0"
"6.0","3.0"
"3.0","24.0"
"3.0","23.0"
"20.0","3.0"
"3.0","23.0"
"20.0","3.0"
"6.3","3.0"
"10.0","3.0"
"45.0","3.0"
"45.0","3.0"
"4.2","23.0"
"6.0","3.0"
"3.0","23.0"
"6.6","2.0"
"13.1875","2.0"
"35.0","1.0"
"1.0","22.0"
"35.0","1.0"
"35.0","1.0"
"6.25","1.0"
"4.2","21.0"
"20.0","1.0"
"39.2","1.0"
"35.0","1.0"
"13.3333333","1.0"
"35.0","1.0"
"51.0","1.0"
"5.1","21.0"
"3.0","22.0"
"15.0","0.0"
"56.0","0.0"
"4.2","20.0"
"10.0","0.0"
"6.0","0.0"
"10.0","0.0"
"5.90625","20.0"
"3.21","21.0"
"6.0","0.0"
"20.0","-1.0"
"6.25","-1.0"
"6.0","19.0"
"21.0","-1.0"
"6.0","-1.0"
"6.0","-1.0"
"6.0","-1.0"
"6.0","19.0"
"6.0","-1.0"
"6.0","-1.0"
"7.0","-1.0"
"6.0","-1.0"
"6.0","-1.0"
"1.0","200.0"
"5.46","19.0"
"6.0","-1.0"
"6.0","19.0"
"6.9000003","-1.0"
"6.0","-1.0"
"7.0","-1.0"
"6.0","-1.0"
"26.0","-1.0"
"20.0","-1.0"
"6.0","-1.0"
"13.3333333","-2.0"
"6.0","19.0"
"6.0","-2.0"
"6.0","-2.0"
"6.0","-2.0"
"6.0","-2.0"
"6.0","19.0"
"6.0","19.0"
"6.0","-2.0"
"6.0","19.0"
"6.0","-2.0"
"6.0","19.0"
"6.0","19.0"
"6.0","19.0"
"6.0","19.0"
"3.0","18.0"
"6.0","19.0"
"6.0","19.0"
"6.0","-2.0"
"6.0","19.0"
"6.0","19.0"
"6.0","19.0"
"6.0","19.0"
"6.0","19.0"
"6.0","19.0"
"6.0","-2.0"
"6.0","19.0"
"6.0","19.0"
"6.0","-2.0"
"6.0","19.0"
"6.0","-2.0"
"6.0","19.0"
"6.0","-2.0"
"6.0","-2.0"
"6.0","-2.0"
"6.0","-2.0"
"6.0","-2.0"
"6.0","-2.0"
"6.0","-2.0"
"6.0","19.0"
"10.0","-2.0"
"6.0","19.0"
"6.0","19.0"
"6.0","19.0"
"6.0","19.0"
"6.0","-2.0"
"6.0","19.0"
"6.0","19.0"
"6.0","-2.0"
"6.0","-2.0"
"6.0","19.0"
"6.0","-2.0"
"6.0","-2.0"
"6.0","-2.0"
"6.0","19.0"
"6.0","-2.0"
"6.0","19.0"
"6.0","-2.0"
"6.0","-2.0"
"6.0","19.0"
"6.0","19.0"
"6.0","-2.0"
"6.0","-2.0"
"6.0","19.0"
"6.0","-2.0"
"6.0","-2.0"
"6.0","-2.0"
"6.0","-2.0"
"6.0","-2.0"
"6.0","19.0"
"8.8888889","17.0"
"10.0","-3.0"
"6.0","-3.0"
"39.2","-3.0"
"39.2","-4.0"
"6.6","-4.0"
"6.0","-4.0"
"56.0","-4.0"
"10.0","-4.0"
"23.0","-4.0"
"5.0","16.0"
"5.90625","15.0"
"56.0","-5.0"
"21.0","-5.0"
"8.0","-5.0"
"6.0","-5.0"
"3.21","16.0"
"10.0","-6.0"
"4.0","14.0"
"4.2","14.0"
"4.2","14.0"
"8.2","-6.0"
"4.1","14.0"
"1.0","15.0"
"4.0","14.0"
"4.2","14.0"
"4.2","14.0"
"6.3","-7.0"
"6.0","13.0"
"6.0","-7.0"
"6.0","13.0"
"33.3333333","-8.0"
"3.0","13.0"
"3.0","13.0"
"8.0","-8.0"
"10.0","-8.0"
"10.0","-8.0"
"6.0","12.0"
"6.0","-8.0"
"6.0","12.0"
"4.2","11.0"
"30.0","-9.0"
"8.2208957","-9.0"
"35.0","-9.0"
"4.2","11.0"
"35.0","-9.0"
"3.0","12.0"
"3.0","12.0"
"6.0","-9.0"
"6.0","11.0"
"3.0","12.0"
"3.0","12.0"
"3.0","12.0"
"35.0","-9.0"
"6.0","-10.0"
"33.3333333","-10.0"
"21.0","-10.0"
"1.0","11.0"
"100.0","-10.0"
"34.5621474","-10.0"
"10.2","-11.0"
"20.0","-11.0"
"6.0","-11.0"
"33.3333333","-11.0"
"12.0","-11.0"
"8.0","-11.0"
"2.0","10.0"
"33.3333333","-12.0"
"6.0","8.0"
"3.21","9.0"
"45.7460317","-12.0"
"0.501","1349.0"
"10.0","-12.0"
"10.0","-12.0"
"4.2","8.0"
"10.0","-12.0"
"6.0","-12.0"
"6.6","-12.0"
"6.0","8.0"
"4.2","7.0"
"15.0","-13.0"
"6.0","7.0"
"10.0","-13.0"
"8.0","-13.0"
"4.2","7.0"
"40.0","-13.0"
"8.0","-13.0"
"15.0","-13.0"
"6.0","6.0"
"6.0","-14.0"
"45.7460317","-14.0"
"10.0","-14.0"
"11.2","-14.0"
"4.2","5.0"
"14.4","-15.0"
"6.0","5.0"
"27.9","-15.0"
"6.0","5.0"
"6.0","4.0"
"56.0","-16.0"
"10.0","-16.0"
"5.1","3.0"
"20.0","3.0"
"4.2","3.0"
"4.2","3.0"
"8.0","3.0"
"10.0","3.0"
"8.0","3.0"
"7.0","3.0"
"8.0","3.0"
"21.0","3.0"
"3.21","3.0"
"8.0","2.0"
"6.0","2.0"
"4.2","2.0"
"4.2","2.0"
"13.3333333","3.0"
"8.0","2.0"
"20.0","2.0"
"10.0","3.0"
"4.2","1.0"
"15.0","1.0"
"1.0","2.0"
"20.0","1.0"
"20.0","1.0"
"6.0","1.0"
"20.0","1.0"
"21.0","1.0"
"4.2","1.0"
"6.0","1.0"
"20.0","1.0"
"35.0","1.0"
"4.2","1.0"
"35.0","2.0"
"4.2","1.0"
"4.2","0.0"
"4.2","1.0"
"4.2","0.0"
"20.0","1.0"
"20.0","1.0"
"10.0","1.0"
"20.0","1.0"
"4.2","1.0"
"7.0","1.0"
"15.0","0.0"
"10.0","1.0"
"6.0","1.0"
"20.0","1.0"
"6.25","1.0"
"6.0","1.0"
"4.2","1.0"
"4.2","1.0"
"4.2","1.0"
"6.0","0.0"
"6.0","0.0"
"20.0","0.0"
"6.0","0.0"
"6.0","0.0"
"3.0","0.0"
"6.0","0.0"
"10.0","0.0"
"6.0","0.0"
"6.0","0.0"
"20.0","0.0"
"5.0","0.0"
"6.0","0.0"
"6.0","0.0"
"6.0","0.0"
"6.0","0.0"
"6.0","0.0"
"6.0","0.0"
"6.0","0.0"
"4.2","0.0"
"6.0","0.0"
"6.0","0.0"
"6.0","0.0"
"45.7460317","0.0"
"20.0","0.0"
"6.0","0.0"
"20.0","0.0"
"6.0","0.0"
"6.0","0.0"
"6.0","0.0"
"6.0","0.0"
"6.0","0.0"
"6.0","0.0"
"6.0","0.0"
"6.0","0.0"
"4.2","0.0"
"6.0","0.0"
"6.0","0.0"
"6.0","0.0"
"6.0","0.0"
"6.0","0.0"
"6.0","0.0"
"4.2","0.0"
"6.0","0.0"
"4.2","0.0"
"6.0","0.0"
"6.0","0.0"
"9.2","0.0"
"6.0","0.0"
"6.0","0.0"
"6.0","0.0"
"20.0","0.0"
"20.0","0.0"
"4.2","0.0"
"6.0","0.0"
"6.0","0.0"
"6.0","0.0"
"6.0","0.0"
"6.0","0.0"
"6.0","0.0"
"6.0","0.0"
"6.0","0.0"
"35.0","0.0"
"6.0","0.0"
"10.0","-1.0"
"7.0","-1.0"
"5.0","-1.0"
"4.2","-1.0"
"5.0","-1.0"
"4.2","-1.0"
"20.0","-1.0"
"4.2","-1.0"
"20.0","-1.0"
"5.0005","-1.0"
"3.0","-1.0"
"20.0","-1.0"
"4.2","-1.0"
"20.0","-1.0"
"5.6875","-1.0"
"20.0","-1.0"
"7.2","-1.0"
"10.0","-1.0"
"10.0","-2.0"
"4.2","-2.0"
"5.2","-2.0"
"9.0","-2.0"
"6.0","-2.0"
"4.2","-2.0"
"6.0","-2.0"
"6.0","-2.0"
"20.0","-2.0"
"41.0","-2.0"
"20.0","-2.0"
"6.0","-2.0"
"10.0","-2.0"
"4.2","-3.0"
"35.0","-3.0"
"20.0","14.0"
"4.2","-3.0"
"8.0","-3.0"
"4.2","-3.0"
"20.0","-3.0"
"6.0","-3.0"
"10.0","-3.0"
"42.0","13.0"
"5.46","13.0"
"7.0","13.0"
"4.2","86.0"
"6.6","13.0"
"4.2","86.0"
"6.0","13.0"
"66.0","13.0"
"4.2","86.0"
"4.2","86.0"
"20.0","13.0"
"20.0","12.0"
"4.2","85.0"
"27.25","12.0"
"134.0","12.0"
"4.0","85.0"
"23.0","12.0"
"56.0","12.0"
"51.0","12.0"
"10.0","12.0"
"5.0","12.0"
"4.2","85.0"
"4.2","85.0"
"20.0","11.0"
"4.2","84.0"
"4.2","84.0"
"10.0","11.0"
"4.2","84.0"
"50.0","11.0"
"20.0","11.0"
"10.0","11.0"
"6.3","11.0"
"33.48","11.0"
"10.0","11.0"
"6.0","11.0"
"3.0","132.0"
"20.0","10.0"
"20.0","10.0"
"6.0","10.0"
"6.0","10.0"
"4.2","83.0"
"35.0","10.0"
"6.0","10.0"
"20.0","9.0"
"20.0","9.0"
"6.0","9.0"
"4.2","69.0"
"14.2","9.0"
"4.2","82.0"
"35.0","8.0"
"4.2","81.0"
"30.0","8.0"
"4.2","81.0"
"35.0","8.0"
"35.0","8.0"
"3.21","130.0"
"1.0","171.0"
"31.0","8.0"
"40.0","8.0"
"40.0","8.0"
"20.0","8.0"
"35.0","8.0"
"39.2","8.0"
"3.21","130.0"
"41.0","8.0"
"40.0","7.0"
"40.0","7.0"
"6.0","7.0"
"40.0","7.0"
"35.0","7.0"
"40.0","7.0"
"6.2","7.0"
"4.2","80.0"
"35.0","7.0"
"6.03125","7.0"
"41.0","7.0"
"40.0","7.0"
"10.0","7.0"
"40.0","7.0"
"6.0","7.0"
"6.0","6.0"
"4.2","79.0"
"20.0","6.0"
"53.1097778","6.0"
"40.0","6.0"
"40.0","6.0"
"39.2","6.0"
"40.0","6.0"
"40.0","6.0"
"40.0","6.0"
"10.0","6.0"
"10.0","6.0"
"56.0","6.0"
"4.2","79.0"
"4.2","79.0"
"4.2","78.0"
"4.2","78.0"
"20.0","5.0"
"5.0","5.0"
"6.0","5.0"
"6.6","5.0"
"4.2","78.0"
"7.0","5.0"
"23.0","4.0"
"7.0","4.0"
"4.2","77.0"
"56.0","3.0"
"45.7460317","3.0"
"45.7460317","3.0"
"4.2","76.0"
"6.0","3.0"
"4.2","76.0"
"10.0","3.0"
"6.0","2.0"
"4.2","75.0"
"50.0","2.0"
"4.2","75.0"
"3.21","124.0"
"7.0","2.0"
"18.0","1.0"
"47.0348889","1.0"
"18.0","1.0"
"4.2","61.0"
"14.0","1.0"
"5.0","1.0"
"10.0","1.0"
"4.2","74.0"
"6.0","1.0"
"6.0","0.0"
"2.0","122.0"
"2.0","122.0"
"3.0","91.0"
"2.0","122.0"
"3.0","122.0"
"2.0","122.0"
"5.0","0.0"
"10.0","0.0"
"20.0","0.0"
"7.0","0.0"
"2.0","122.0"
"3.0","91.0"
"2.0","122.0"
"18.0","0.0"
"4.2","73.0"
"5.2","0.0"
"4.2","73.0"
"10.0","0.0"
"10.0","0.0"
"35.0","-1.0"
"4.2","59.0"
"6.0","-1.0"
"13.3333333","-1.0"
"10.0","-1.0"
"35.0","-1.0"
"1.0","162.0"
"35.0","-1.0"
"50.0","-1.0"
"50.0","-1.0"
"4.2","59.0"
"35.0","-1.0"
"4.2","72.0"
"6.6","-1.0"
"10.0","-2.0"
"4.2","71.0"
"18.0","-2.0"
"5.0","-2.0"
"20.0","-2.0"
"4.2","71.0"
"6.0","-2.0"
"12.0","-3.0"
"4.0","70.0"
"4.2","70.0"
"9.0","-3.0"
"10.0","-3.0"
"13.3333333","-4.0"
"10.0","-4.0"
"8.75","-4.0"
"6.0","-4.0"
"6.0","-4.0"
"9.2","-4.0"
"6.0","-4.0"
"5.0","-4.0"
"7.0","-4.0"
"1.0","159.0"
"4.2","69.0"
"18.0","150183.0"
"20.0","-5.0"
"3.21","117.0"
"8.0","-5.0"
"5.0","-5.0"
"11.0","-5.0"
"6.9000003","-5.0"
"4.2","68.0"
"8.75","-6.0"
"56.0","-6.0"
"4.2","67.0"
"4.2","67.0"
"35.0","-6.0"
"6.0","18.0"
"6.0","18.0"
"1.0","156.0"
"50.0","-7.0"
"6.0","18.0"
"6.6","18.0"
"10.0","18.0"
"14.0","-7.0"
"4.2","84.0"
"6.3","18.0"
"10.46","-7.0"
"7.0","-8.0"
"6.6","21.0"
"4.2","83.0"
"10.0","-8.0"
"20.0","-8.0"
"4.2","65.0"
"6.0","17.0"
"4.2","65.0"
"8.15","-8.0"
"13.3333333","-8.0"
"50.0","-9.0"
"56.0","-9.0"
"20.0","-9.0"
"6.0","16.0"
"4.2","82.0"
"33.3333333","-10.0"
"6.0","15.0"
"40.0","-10.0"
"3.0","112.0"
"6.0","15.0"
"8.0","-10.0"
"4.2","63.0"
"3.0","112.0"
"3.0","112.0"
"56.0","-10.0"
"5.0","14.0"
"35.0","-11.0"
"18.0","-11.0"
"1.0","152.0"
"35.0","-11.0"
"3.21","111.0"
"4.2","61.0"
"4.2","61.0"
"40.0","-12.0"
"5.460042","13.0"
"35.0","-12.0"
"10.0","-12.0"
"40.0","-12.0"
"35.0","-12.0"
"35.0","-12.0"
"6.0","13.0"
"35.0","-12.0"
"40.0","16.0"
"40.0","16.0"
"40.0","16.0"
"15.0","12.0"
"3.0","109.0"
"6.0","12.0"
"40.0","16.0"
"10.2","11.0"
"10.0","11.0"
"40.0","15.0"
"51.0","15.0"
"6.9","11.0"
"56.0","15.0"
"56.0","15.0"
"10.0","11.0"
"6.0","11.0"
"40.0","15.0"
"4.2","58.0"
"5.0","10.0"
"10.2","10.0"
"10.2","10.0"
"9.0","10.0"
"50.0","10.0"
"30.0","10.0"
"9.0","9.0"
"6.0","9.0"
"7.0","13.0"
"6.0","9.0"
"56.0","13.0"
"4.2","57.0"
"45.7460317","9.0"
"16.0","9.0"
"1.0","147.0"
"7.1","9.0"
"4.0","57.0"
"6.0","8.0"
"8.0","8.0"
"40.0","12.0"
"50.0","8.0"
"3.21","105.0"
"4.2","56.0"
"6.0","8.0"
"9.0","8.0"
"20.0","7.0"
"45.7460317","7.0"
"10.0","7.0"
"6.0","7.0"
"6.0","6.0"
"6.0","6.0"
"20.0","10.0"
"10.0","6.0"
"5.0","5.0"
"56.0","9.0"
"4.2","53.0"
"6.3","5.0"
"6.6","9.0"
"5.0","5.0"
"5.0","5.0"
"6.0","4.0"
"10.0","4.0"
"39.2","8.0"
"6.0","4.0"
"6.0","3.0"
"26.0","3.0"
"35.0","3.0"
"35.0","3.0"
"35.0","3.0"
"4.2","51.0"
"35.0","3.0"
"35.0","7.0"
"35.0","3.0"
"35.0","3.0"
"35.0","3.0"
"6.0","37.0"
"13.3333333","6.0"
"4.2","50.0"
"3.21","99.0"
"4.2","50.0"
"21.0","2.0"
"21.0","1.0"
"8.0","1.0"
"4.2","49.0"
"6.9000003","5.0"
"2.5","98.0"
"8.0","1.0"
"21.0","0.0"
"4.2","48.0"
"5.0","34.0"
"30.0","3.0"
"21.0","3.0"
"10.0","3.0"
"10.0","3.0"
"7.0","3.0"
"7.0","3.0"
"6.0","34.0"
"20.0","3.0"
"39.2","3.0"
"6.0","34.0"
"6.6","3.0"
"4.2","46.0"
"21.0","2.0"
"6.3","2.0"
"39.2","2.0"
"6.2","2.0"
"6.0","1.0"
"5.0","32.0"
"6.0","32.0"
"21.0","1.0"
"6.0","32.0"
"3.21","93.0"
"6.0","31.0"
"4.2","62.0"
"50.0","0.0"
"6.0","31.0"
"20.0","0.0"
"8.0","0.0"
"21.0","0.0"
"4.2","62.0"
"4.2","62.0"
"8.4","-1.0"
"10.0","-1.0"
"21.0","-1.0"
"1.0","133.0"
"14.0","-1.0"
"4.2","43.0"
"4.2","61.0"
"39.2","-1.0"
"26.0","-1.0"
"6.0","30.0"
"6.72","-1.0"
"8.8888889","30.0"
"5.0","42.0"
"8.0","-2.0"
"5.0","29.0"
"4.2","60.0"
"21.0","-2.0"
"4.2","42.0"
"5.0","29.0"
"5.0","29.0"
"4.2","42.0"
"5.0","29.0"
"4.2","42.0"
"8.0","-3.0"
"7.1","-3.0"
"35.0","-3.0"
"6.0","-3.0"
"4.2","41.0"
"1.0","131.0"
"21.0","-3.0"
"35.0","-3.0"
"5.1","28.0"
"4.2","41.0"
"35.0","-3.0"
"4.2","59.0"
"1.0","131.0"
"8.0","-4.0"
"12.0","-4.0"
"1.0","130.0"
"4.2","58.0"
"4.2","40.0"
"20.0","-4.0"
"8.0","-4.0"
"50.0","-4.0"
"35.0","-4.0"
"35.0","-4.0"
"10.0","-4.0"
"21.0","-4.0"
"13.3333333","-5.0"
"6.0","-5.0"
"6.0","26.0"
"4.2","39.0"
"8.0","-5.0"
"20.0","-5.0"
"21.0","-5.0"
"4.2","57.0"
"6.0","26.0"
"4.2","38.0"
"4.2","38.0"
"6.3","-6.0"
"69.87","-6.0"
"21.0","-6.0"
"4.2","38.0"
"4.2","56.0"
"10.8","25.0"
"4.2","24.0"
"6.0","24.0"
"4.0","37.0"
"6.0","24.0"
"21.0","-7.0"
"3.21","86.0"
"4.2","55.0"
"7.0","-7.0"
"6.0","24.0"
"20.0","-7.0"
"6.0","-8.0"
"20.0","-8.0"
"4.2","36.0"
"3.34375","36.0"
"6.0","23.0"
"6.0","23.0"
"10.0","-8.0"
"4.2","54.0"
"4.2","36.0"
"21.0","-8.0"
"9.0","-8.0"
"40.0","-8.0"
"20.0","-8.0"
"6.0","23.0"
"45.7460317","-8.0"
"6.0","-8.0"
"4.1","35.0"
"4.2","35.0"
"21.0","-9.0"
"4.2","22.0"
"5.1","22.0"
"20.0","-9.0"
"20.0","-9.0"
"5.1","22.0"
"4.2","53.0"
"4.2","35.0"
"20.0","-9.0"
"4.2","35.0"
"4.2","35.0"
"5.0","22.0"
"20.0","-9.0"
"4.2","35.0"
"4.1","35.0"
"4.2","35.0"
"20.0","-9.0"
"4.2","35.0"
"4.2","35.0"
"4.2","22.0"
"20.0","-9.0"
"4.2","35.0"
"9.0","-9.0"
"10.0","-9.0"
"21.0","-9.0"
"20.0","-9.0"
"20.0","-10.0"
"9.0","-10.0"
"21.0","-10.0"
"10.0","-10.0"
"20.0","-10.0"
"20.0","-10.0"
"4.2","34.0"
"29.939582","-10.0"
"20.0","-10.0"
"10.0","-10.0"
"42.0","-11.0"
